question_index,checkpoint,valid_votes,margin,stop,forced,cumulative_output_tokens
0,2,2,1.0,True,False,651
1,2,2,1.0,True,False,1173
2,2,2,1.0,True,False,1013
3,2,2,1.0,True,False,898
4,2,2,1.0,True,False,1036
5,2,2,1.0,True,False,523
6,2,2,1.0,True,False,850
7,2,2,1.0,True,False,1464
8,2,2,1.0,True,False,749
9,2,1,1.0,True,False,1872
10,2,2,1.0,True,False,796
11,2,2,1.0,True,False,1853
12,2,2,0.0,False,False,1078
12,3,3,0.3333333333333333,False,False,1771
12,4,4,0.5,True,False,2354
13,2,2,1.0,True,False,462
14,2,2,1.0,True,False,469
15,2,2,1.0,True,False,1104
16,2,2,1.0,True,False,1267
17,2,2,0.0,False,False,1028
17,3,3,0.0,False,False,1669
17,4,4,0.0,False,False,2498
17,5,5,0.0,False,False,3522
17,6,6,0.16666666666666666,False,False,4132
17,7,7,0.14285714285714285,False,False,4650
17,8,8,0.0,False,False,5124
17,9,9,0.1111111111111111,False,False,5648
17,10,10,0.2,False,False,6256
17,11,11,0.2727272727272727,False,False,6771
17,12,12,0.25,False,False,7239
17,13,13,0.3076923076923077,False,False,7714
17,14,14,0.2857142857142857,False,False,8482
17,15,15,0.26666666666666666,False,False,9506
17,16,16,0.25,True,True,10028
18,2,2,0.0,False,False,998
18,3,3,0.3333333333333333,False,False,1280
18,4,4,0.5,True,False,1706
19,2,2,1.0,True,False,906
20,2,2,1.0,True,False,382
21,2,2,0.0,False,False,1314
21,3,3,0.0,False,False,1998
21,4,4,0.0,False,False,2750
21,5,5,0.0,False,False,3774
21,6,6,0.0,False,False,4746
21,7,7,0.0,False,False,5398
21,8,7,0.0,False,False,6422
21,9,8,0.125,False,False,7001
21,10,9,0.1111111111111111,False,False,7919
21,11,9,0.1111111111111111,False,False,8943
21,12,10,0.1,False,False,9929
21,13,11,0.09090909090909091,False,False,10707
21,14,12,0.08333333333333333,False,False,11691
21,15,12,0.08333333333333333,False,False,12715
21,16,13,0.07692307692307693,True,True,13470
22,2,2,1.0,True,False,1587
23,2,2,1.0,True,False,1132
24,2,2,0.0,False,False,937
24,3,3,0.3333333333333333,False,False,1392
24,4,4,0.0,False,False,1901
24,5,5,0.2,False,False,2336
24,6,6,0.3333333333333333,False,False,2767
24,7,7,0.42857142857142855,False,False,3183
24,8,8,0.25,False,False,4074
24,9,9,0.2222222222222222,False,False,5037
24,10,10,0.1,False,False,5937
24,11,11,0.0,False,False,6757
24,12,12,0.08333333333333333,False,False,7718
24,13,13,0.15384615384615385,False,False,8136
24,14,14,0.07142857142857142,False,False,8528
24,15,15,0.13333333333333333,False,False,9405
24,16,16,0.1875,True,True,9978
25,2,2,0.0,False,False,1642
25,3,2,0.0,False,False,2666
25,4,2,0.0,False,False,3690
25,5,3,0.0,False,False,4714
25,6,4,0.25,False,False,5738
25,7,4,0.25,False,False,6762
25,8,5,0.2,False,False,7722
25,9,5,0.2,False,False,8746
25,10,6,0.0,False,False,9701
25,11,6,0.0,False,False,10725
25,12,7,0.0,False,False,11606
25,13,7,0.0,False,False,12630
25,14,7,0.0,False,False,13654
25,15,8,0.125,False,False,14340
25,16,9,0.1111111111111111,True,True,15285
26,2,2,0.0,False,False,1194
26,3,3,0.0,False,False,2218
26,4,4,0.25,False,False,2852
26,5,5,0.2,False,False,3521
26,6,6,0.16666666666666666,False,False,4089
26,7,7,0.2857142857142857,False,False,4794
26,8,8,0.375,False,False,5451
26,9,9,0.2222222222222222,False,False,6154
26,10,10,0.1,False,False,6809
26,11,11,0.09090909090909091,False,False,7276
26,12,12,0.16666666666666666,False,False,7915
26,13,13,0.07692307692307693,False,False,8616
26,14,14,0.07142857142857142,False,False,9301
26,15,15,0.06666666666666667,False,False,10079
26,16,15,0.06666666666666667,True,True,11103
27,2,2,1.0,True,False,726
28,2,2,1.0,True,False,635
29,2,2,1.0,True,False,1143
30,2,2,1.0,True,False,739
31,2,2,1.0,True,False,1069
32,2,2,1.0,True,False,730
33,2,2,1.0,True,False,1337
34,2,2,1.0,True,False,1371
35,2,2,1.0,True,False,810
36,2,1,1.0,True,False,1737
37,2,2,1.0,True,False,467
38,2,2,1.0,True,False,513
39,2,2,1.0,True,False,1109
40,2,2,1.0,True,False,487
41,2,2,0.0,False,False,1219
41,3,3,0.3333333333333333,False,False,1739
41,4,4,0.25,False,False,2288
41,5,5,0.2,False,False,2708
41,6,6,0.16666666666666666,False,False,3348
41,7,7,0.14285714285714285,False,False,4128
41,8,8,0.25,False,False,4661
41,9,9,0.1111111111111111,False,False,5381
41,10,10,0.2,False,False,5889
41,11,11,0.2727272727272727,False,False,6430
41,12,12,0.3333333333333333,False,False,6937
41,13,13,0.3076923076923077,False,False,7438
41,14,14,0.21428571428571427,False,False,7993
41,15,15,0.26666666666666666,False,False,8486
41,16,16,0.1875,True,True,8939
42,2,2,1.0,True,False,1280
43,2,2,0.0,False,False,1314
43,3,3,0.0,False,False,2114
43,4,3,0.0,False,False,3138
43,5,4,0.0,False,False,3818
43,6,4,0.0,False,False,4842
43,7,5,0.0,False,False,5435
43,8,5,0.0,False,False,6459
43,9,5,0.0,False,False,7483
43,10,6,0.0,False,False,8250
43,11,7,0.14285714285714285,False,False,9190
43,12,8,0.125,False,False,10214
43,13,9,0.0,False,False,10855
43,14,9,0.0,False,False,11879
43,15,10,0.0,False,False,12458
43,16,11,0.0,True,True,13149
44,2,2,1.0,True,False,884
45,2,2,1.0,True,False,710
46,2,1,1.0,True,False,1600
47,2,2,1.0,True,False,875
48,2,2,1.0,True,False,488
49,2,2,1.0,True,False,553
50,2,2,1.0,True,False,1408
51,2,1,1.0,True,False,1697
52,2,2,1.0,True,False,532
53,2,2,1.0,True,False,680
54,2,2,1.0,True,False,577
55,2,2,1.0,True,False,658
56,2,2,1.0,True,False,361
57,2,2,1.0,True,False,1115
58,2,2,1.0,True,False,515
59,2,2,1.0,True,False,952
60,2,1,1.0,True,False,1849
61,2,2,1.0,True,False,757
62,2,2,1.0,True,False,1422
63,2,2,1.0,True,False,1049
64,2,1,1.0,True,False,1948
65,2,2,1.0,True,False,473
66,2,2,1.0,True,False,754
67,2,2,1.0,True,False,647
68,2,2,1.0,True,False,1707
69,2,2,1.0,True,False,905
70,2,2,1.0,True,False,1121
71,2,2,0.0,False,False,808
71,3,3,0.3333333333333333,False,False,1116
71,4,4,0.5,True,False,1685
72,2,2,1.0,True,False,718
73,2,2,1.0,True,False,650
74,2,2,1.0,True,False,993
75,2,2,1.0,True,False,927
76,2,2,1.0,True,False,645
77,2,2,1.0,True,False,419
78,2,2,1.0,True,False,1506
79,2,2,1.0,True,False,555
80,2,2,0.0,False,False,1407
80,3,3,0.3333333333333333,False,False,2166
80,4,4,0.5,True,False,3056
81,2,2,1.0,True,False,1093
82,2,2,1.0,True,False,974
83,2,2,1.0,True,False,821
84,2,2,1.0,True,False,1582
85,2,2,1.0,True,False,632
86,2,2,1.0,True,False,523
87,2,2,1.0,True,False,1191
88,2,2,1.0,True,False,1735
89,2,2,1.0,True,False,1787
90,2,2,1.0,True,False,522
91,2,2,1.0,True,False,704
92,2,2,1.0,True,False,1333
93,2,2,1.0,True,False,1217
94,2,2,1.0,True,False,1299
95,2,2,1.0,True,False,1638
96,2,0,,False,False,2048
96,3,1,1.0,True,False,2744
97,2,2,1.0,True,False,511
98,2,2,1.0,True,False,504
99,2,2,1.0,True,False,1764
100,2,2,0.0,False,False,1574
100,3,3,0.3333333333333333,False,False,2196
100,4,4,0.5,True,False,2866
101,2,2,0.0,False,False,1795
101,3,3,0.0,False,False,2577
101,4,4,0.25,False,False,3286
101,5,4,0.25,False,False,4310
101,6,4,0.25,False,False,5334
101,7,5,0.2,False,False,6139
101,8,6,0.0,False,False,6838
101,9,6,0.0,False,False,7862
101,10,6,0.0,False,False,8886
101,11,7,0.0,False,False,9833
101,12,8,0.0,False,False,10657
101,13,8,0.0,False,False,11681
101,14,8,0.0,False,False,12705
101,15,8,0.0,False,False,13729
101,16,8,0.0,True,True,14753
102,2,2,1.0,True,False,716
103,2,1,1.0,True,False,1960
104,2,1,1.0,True,False,1904
105,2,2,0.0,False,False,666
105,3,3,0.0,False,False,911
105,4,4,0.0,False,False,1162
105,5,5,0.0,False,False,1466
105,6,6,0.0,False,False,1759
105,7,7,0.14285714285714285,False,False,2014
105,8,8,0.0,False,False,2346
105,9,9,0.1111111111111111,False,False,2799
105,10,10,0.1,False,False,3186
105,11,11,0.18181818181818182,False,False,3452
105,12,12,0.25,False,False,3800
105,13,13,0.23076923076923078,False,False,4321
105,14,13,0.23076923076923078,False,False,5345
105,15,14,0.21428571428571427,False,False,5591
105,16,15,0.2,True,True,5924
106,2,2,1.0,True,False,645
107,2,2,1.0,True,False,886
108,2,2,1.0,True,False,1592
109,2,1,1.0,True,False,1755
110,2,1,1.0,True,False,2039
111,2,2,1.0,True,False,929
112,2,2,1.0,True,False,1041
113,2,2,1.0,True,False,635
114,2,2,1.0,True,False,1329
115,2,2,0.0,False,False,743
115,3,3,0.0,False,False,1172
115,4,4,0.0,False,False,1814
115,5,5,0.0,False,False,2349
115,6,6,0.16666666666666666,False,False,2749
115,7,7,0.14285714285714285,False,False,3411
115,8,8,0.25,False,False,3941
115,9,9,0.2222222222222222,False,False,4267
115,10,10,0.1,False,False,4600
115,11,11,0.09090909090909091,False,False,5206
115,12,12,0.16666666666666666,False,False,5684
115,13,13,0.15384615384615385,False,False,6099
115,14,14,0.14285714285714285,False,False,6636
115,15,15,0.2,False,False,7098
115,16,16,0.25,True,True,7644
116,2,2,1.0,True,False,576
117,2,2,1.0,True,False,679
118,2,1,1.0,True,False,1812
119,2,2,1.0,True,False,803
120,2,2,0.0,False,False,980
120,3,3,0.3333333333333333,False,False,1536
120,4,4,0.0,False,False,2066
120,5,5,0.2,False,False,2698
120,6,6,0.3333333333333333,False,False,3278
120,7,7,0.42857142857142855,False,False,3877
120,8,8,0.25,False,False,4410
120,9,9,0.1111111111111111,False,False,5106
120,10,10,0.2,False,False,6130
120,11,11,0.2727272727272727,False,False,7154
120,12,12,0.3333333333333333,False,False,7717
120,13,13,0.23076923076923078,False,False,8062
120,14,14,0.2857142857142857,False,False,8653
120,15,15,0.2,False,False,9144
120,16,16,0.25,True,True,9813
121,2,2,1.0,True,False,600
122,2,2,1.0,True,False,700
123,2,1,1.0,True,False,1911
124,2,2,1.0,True,False,1531
125,2,2,1.0,True,False,657
126,2,1,1.0,True,False,1759
127,2,2,1.0,True,False,792
128,2,2,1.0,True,False,404
129,2,2,0.0,False,False,1567
129,3,3,0.3333333333333333,False,False,2443
129,4,4,0.25,False,False,3166
129,5,5,0.2,False,False,3912
129,6,6,0.0,False,False,4418
129,7,7,0.0,False,False,5103
129,8,8,0.125,False,False,6127
129,9,9,0.1111111111111111,False,False,6942
129,10,10,0.1,False,False,7598
129,11,11,0.0,False,False,8094
129,12,12,0.0,False,False,8766
129,13,13,0.07692307692307693,False,False,9476
129,14,14,0.14285714285714285,False,False,10260
129,15,15,0.13333333333333333,False,False,11078
129,16,16,0.0625,True,True,11984
130,2,2,1.0,True,False,860
131,2,2,1.0,True,False,1255
132,2,2,1.0,True,False,573
133,2,2,1.0,True,False,769
134,2,2,1.0,True,False,1222
135,2,2,1.0,True,False,877
136,2,1,1.0,True,False,1979
137,2,2,1.0,True,False,1088
138,2,2,0.0,False,False,1399
138,3,3,0.3333333333333333,False,False,2103
138,4,3,0.3333333333333333,False,False,3127
138,5,4,0.5,True,False,3609
139,2,1,1.0,True,False,1652
140,2,2,1.0,True,False,1015
141,2,2,0.0,False,False,475
141,3,3,0.3333333333333333,False,False,656
141,4,4,0.5,True,False,918
142,2,2,1.0,True,False,931
143,2,2,1.0,True,False,1400
144,2,2,1.0,True,False,478
145,2,2,1.0,True,False,1440
146,2,2,1.0,True,False,668
147,2,1,1.0,True,False,1779
148,2,2,1.0,True,False,622
149,2,2,0.0,False,False,1569
149,3,3,0.3333333333333333,False,False,2332
149,4,4,0.5,True,False,2993
150,2,0,,False,False,2048
150,3,0,,False,False,3072
150,4,0,,False,False,4096
150,5,0,,False,False,5120
150,6,1,1.0,True,False,5827
151,2,2,0.0,False,False,1255
151,3,3,0.3333333333333333,False,False,1722
151,4,4,0.25,False,False,2632
151,5,5,0.4,False,False,3572
151,6,6,0.3333333333333333,False,False,4011
151,7,7,0.14285714285714285,False,False,4673
151,8,8,0.25,False,False,5448
151,9,9,0.3333333333333333,False,False,5860
151,10,10,0.2,False,False,6341
151,11,11,0.2727272727272727,False,False,6821
151,12,12,0.3333333333333333,False,False,7577
151,13,13,0.38461538461538464,False,False,8192
151,14,13,0.38461538461538464,False,False,9216
151,15,14,0.42857142857142855,False,False,10146
151,16,15,0.4666666666666667,True,True,10753
152,2,2,0.0,False,False,1246
152,3,3,0.0,False,False,1761
152,4,4,0.0,False,False,2519
152,5,5,0.0,False,False,3543
152,6,6,0.16666666666666666,False,False,4059
152,7,7,0.0,False,False,4883
152,8,8,0.0,False,False,5907
152,9,9,0.1111111111111111,False,False,6780
152,10,10,0.0,False,False,7291
152,11,11,0.09090909090909091,False,False,7880
152,12,12,0.08333333333333333,False,False,8511
152,13,13,0.0,False,False,9124
152,14,14,0.07142857142857142,False,False,9693
152,15,14,0.07142857142857142,False,False,10717
152,16,15,0.06666666666666667,True,True,11741
153,2,2,1.0,True,False,914
154,2,2,0.0,False,False,857
154,3,3,0.0,False,False,1405
154,4,4,0.0,False,False,1828
154,5,5,0.0,False,False,2541
154,6,6,0.16666666666666666,False,False,2960
154,7,7,0.0,False,False,3393
154,8,8,0.0,False,False,3902
154,9,9,0.0,False,False,4291
154,10,10,0.0,False,False,4821
154,11,11,0.09090909090909091,False,False,5219
154,12,12,0.16666666666666666,False,False,5654
154,13,13,0.15384615384615385,False,False,6448
154,14,14,0.07142857142857142,False,False,6804
154,15,15,0.0,False,False,7436
154,16,16,0.0,True,True,8035
155,2,2,1.0,True,False,852
156,2,1,1.0,True,False,2048
157,2,2,1.0,True,False,678
158,2,2,1.0,True,False,1534
159,2,2,1.0,True,False,806
160,2,2,0.0,False,False,1049
160,3,3,0.3333333333333333,False,False,1411
160,4,4,0.5,True,False,1868
161,2,2,1.0,True,False,1210
162,2,2,1.0,True,False,1656
163,2,2,1.0,True,False,907
164,2,1,1.0,True,False,1800
165,2,2,0.0,False,False,682
165,3,3,0.3333333333333333,False,False,1090
165,4,4,0.5,True,False,1404
166,2,2,1.0,True,False,1461
167,2,2,1.0,True,False,463
168,2,2,0.0,False,False,2048
168,3,3,0.0,False,False,3072
168,4,4,0.0,False,False,3748
168,5,5,0.2,False,False,4772
168,6,6,0.0,False,False,5366
168,7,7,0.0,False,False,6102
168,8,8,0.125,False,False,6635
168,9,9,0.1111111111111111,False,False,7659
168,10,10,0.1,False,False,8362
168,11,10,0.1,False,False,9386
168,12,11,0.09090909090909091,False,False,10271
168,13,12,0.0,False,False,10994
168,14,12,0.0,False,False,12018
168,15,13,0.0,False,False,12820
168,16,14,0.0,True,True,13844
169,2,2,1.0,True,False,676
170,2,1,1.0,True,False,1947
171,2,2,1.0,True,False,782
172,2,2,1.0,True,False,829
173,2,2,1.0,True,False,1485
174,2,2,1.0,True,False,914
175,2,2,1.0,True,False,1816
176,2,2,0.0,False,False,779
176,3,3,0.0,False,False,1658
176,4,4,0.25,False,False,1861
176,5,5,0.4,False,False,2034
176,6,6,0.5,True,False,2313
177,2,2,1.0,True,False,448
178,2,2,1.0,True,False,464
179,2,1,1.0,True,False,1891
180,2,2,0.0,False,False,1337
180,3,3,0.3333333333333333,False,False,1642
180,4,4,0.5,True,False,1987
181,2,2,1.0,True,False,791
182,2,2,1.0,True,False,479
183,2,2,1.0,True,False,1430
184,2,2,0.0,False,False,1800
184,3,3,0.0,False,False,2542
184,4,4,0.0,False,False,3444
184,5,5,0.2,False,False,4468
184,6,6,0.0,False,False,5287
184,7,7,0.0,False,False,6106
184,8,8,0.125,False,False,6818
184,9,9,0.2222222222222222,False,False,7840
184,10,10,0.1,False,False,8596
184,11,11,0.0,False,False,9418
184,12,12,0.08333333333333333,False,False,10096
184,13,13,0.15384615384615385,False,False,11039
184,14,13,0.15384615384615385,False,False,12063
184,15,14,0.21428571428571427,False,False,12854
184,16,15,0.26666666666666666,True,True,13647
185,2,2,1.0,True,False,553
186,2,2,1.0,True,False,1287
187,2,2,1.0,True,False,791
188,2,0,,False,False,2048
188,3,0,,False,False,3072
188,4,1,1.0,True,False,3844
189,2,2,0.0,False,False,2048
189,3,2,0.0,False,False,3072
189,4,3,0.0,False,False,4096
189,5,4,0.25,False,False,5014
189,6,5,0.0,False,False,6038
189,7,5,0.0,False,False,7062
189,8,5,0.0,False,False,8086
189,9,6,0.16666666666666666,False,False,9106
189,10,7,0.14285714285714285,False,False,10130
189,11,7,0.14285714285714285,False,False,11154
189,12,8,0.125,False,False,12178
189,13,9,0.1111111111111111,False,False,13202
189,14,9,0.1111111111111111,False,False,14226
189,15,10,0.1,False,False,15121
189,16,11,0.0,True,True,15857
190,2,2,0.0,False,False,1492
190,3,3,0.0,False,False,2516
190,4,4,0.25,False,False,2915
190,5,5,0.0,False,False,3412
190,6,6,0.16666666666666666,False,False,4017
190,7,7,0.2857142857142857,False,False,5041
190,8,8,0.25,False,False,5460
190,9,9,0.2222222222222222,False,False,5789
190,10,10,0.2,False,False,6245
190,11,11,0.2727272727272727,False,False,6626
190,12,12,0.25,False,False,6916
190,13,13,0.23076923076923078,False,False,7475
190,14,14,0.2857142857142857,False,False,7960
190,15,15,0.2,False,False,8344
190,16,16,0.125,True,True,8635
191,2,2,1.0,True,False,537
192,2,2,1.0,True,False,820
193,2,2,1.0,True,False,711
194,2,2,0.0,False,False,1255
194,3,3,0.3333333333333333,False,False,1954
194,4,4,0.5,True,False,2856
195,2,2,1.0,True,False,640
196,2,2,1.0,True,False,519
197,2,2,1.0,True,False,1403
198,2,2,1.0,True,False,783
199,2,2,1.0,True,False,616
200,2,2,1.0,True,False,703
201,2,2,1.0,True,False,1410
202,2,2,1.0,True,False,1161
203,2,2,1.0,True,False,1137
204,2,2,1.0,True,False,1291
205,2,2,1.0,True,False,2027
206,2,2,1.0,True,False,807
207,2,2,1.0,True,False,714
208,2,2,1.0,True,False,748
209,2,2,1.0,True,False,901
210,2,2,0.0,False,False,829
210,3,3,0.3333333333333333,False,False,1465
210,4,4,0.5,True,False,1929
211,2,2,1.0,True,False,1299
212,2,2,1.0,True,False,896
213,2,2,1.0,True,False,1209
214,2,2,0.0,False,False,1052
214,3,3,0.0,False,False,1584
214,4,4,0.25,False,False,2214
214,5,5,0.2,False,False,2766
214,6,6,0.16666666666666666,False,False,3344
214,7,7,0.2857142857142857,False,False,3899
214,8,8,0.375,False,False,4369
214,9,9,0.2222222222222222,False,False,4938
214,10,10,0.2,False,False,5551
214,11,11,0.2727272727272727,False,False,6061
214,12,12,0.16666666666666666,False,False,6643
214,13,13,0.23076923076923078,False,False,7197
214,14,14,0.14285714285714285,False,False,7750
214,15,15,0.13333333333333333,False,False,8478
214,16,16,0.1875,True,True,9007
215,2,2,1.0,True,False,700
216,2,2,0.0,False,False,796
216,3,3,0.3333333333333333,False,False,1282
216,4,4,0.5,True,False,1666
217,2,1,1.0,True,False,1530
218,2,2,1.0,True,False,766
219,2,2,0.0,False,False,1179
219,3,3,0.0,False,False,1758
219,4,4,0.25,False,False,2370
219,5,5,0.2,False,False,2846
219,6,6,0.3333333333333333,False,False,3449
219,7,7,0.2857142857142857,False,False,3802
219,8,8,0.25,False,False,4398
219,9,9,0.3333333333333333,False,False,5205
219,10,10,0.3,False,False,6105
219,11,11,0.36363636363636365,False,False,6669
219,12,12,0.3333333333333333,False,False,7515
219,13,13,0.3076923076923077,False,False,8292
219,14,14,0.21428571428571427,False,False,8879
219,15,15,0.2,False,False,9356
219,16,16,0.1875,True,True,9900
220,2,2,1.0,True,False,1359
221,2,2,1.0,True,False,962
222,2,2,0.0,False,False,1276
222,3,3,0.0,False,False,1902
222,4,4,0.25,False,False,2361
222,5,5,0.0,False,False,2873
222,6,6,0.16666666666666666,False,False,3383
222,7,7,0.0,False,False,3789
222,8,8,0.125,False,False,4188
222,9,9,0.1111111111111111,False,False,4674
222,10,10,0.2,False,False,5117
222,11,11,0.18181818181818182,False,False,5653
222,12,12,0.08333333333333333,False,False,6110
222,13,13,0.15384615384615385,False,False,6679
222,14,14,0.21428571428571427,False,False,7120
222,15,15,0.2,False,False,7689
222,16,16,0.25,True,True,8127
223,2,2,0.0,False,False,719
223,3,3,0.3333333333333333,False,False,1073
223,4,4,0.25,False,False,1510
223,5,5,0.4,False,False,1900
223,6,6,0.3333333333333333,False,False,2288
223,7,7,0.2857142857142857,False,False,2637
223,8,8,0.125,False,False,3071
223,9,9,0.2222222222222222,False,False,3412
223,10,10,0.2,False,False,3917
223,11,11,0.2727272727272727,False,False,4363
223,12,12,0.3333333333333333,False,False,4764
223,13,13,0.38461538461538464,False,False,5088
223,14,14,0.42857142857142855,False,False,5463
223,15,15,0.4666666666666667,False,False,5804
223,16,16,0.4375,True,True,6261
224,2,2,0.0,False,False,1304
224,3,3,0.3333333333333333,False,False,2259
224,4,4,0.5,True,False,2965
225,2,2,1.0,True,False,594
226,2,2,1.0,True,False,629
227,2,2,1.0,True,False,566
228,2,1,1.0,True,False,2048
229,2,2,1.0,True,False,485
230,2,2,0.0,False,False,1691
230,3,3,0.3333333333333333,False,False,2516
230,4,4,0.5,True,False,3257
231,2,2,1.0,True,False,1684
232,2,2,1.0,True,False,1894
233,2,2,1.0,True,False,985
234,2,2,0.0,False,False,900
234,3,3,0.3333333333333333,False,False,1370
234,4,4,0.5,True,False,1874
235,2,2,1.0,True,False,1344
236,2,2,0.0,False,False,1063
236,3,3,0.3333333333333333,False,False,1796
236,4,4,0.25,False,False,2486
236,5,5,0.2,False,False,3199
236,6,6,0.0,False,False,4038
236,7,7,0.14285714285714285,False,False,4856
236,8,8,0.0,False,False,5525
236,9,8,0.0,False,False,6549
236,10,8,0.0,False,False,7573
236,11,9,0.1111111111111111,False,False,8407
236,12,10,0.1,False,False,8801
236,13,11,0.09090909090909091,False,False,9536
236,14,12,0.08333333333333333,False,False,10242
236,15,13,0.15384615384615385,False,False,10994
236,16,14,0.21428571428571427,True,True,11570
237,2,2,1.0,True,False,965
238,2,2,1.0,True,False,871
239,2,0,,False,False,2048
239,3,0,,False,False,3072
239,4,0,,False,False,4096
239,5,0,,False,False,5120
239,6,0,,False,False,6144
239,7,0,,False,False,7168
239,8,0,,False,False,8192
239,9,0,,False,False,9216
239,10,0,,False,False,10240
239,11,0,,False,False,11264
239,12,0,,False,False,12288
239,13,0,,False,False,13312
239,14,0,,False,False,14336
239,15,0,,False,False,15360
239,16,0,,True,True,16384
240,2,2,0.0,False,False,894
240,3,3,0.0,False,False,1443
240,4,4,0.0,False,False,2168
240,5,5,0.0,False,False,2710
240,6,6,0.16666666666666666,False,False,3024
240,7,7,0.14285714285714285,False,False,3428
240,8,8,0.0,False,False,4046
240,9,9,0.1111111111111111,False,False,4438
240,10,10,0.1,False,False,4756
240,11,11,0.0,False,False,5154
240,12,12,0.0,False,False,5513
240,13,13,0.0,False,False,6059
240,14,14,0.07142857142857142,False,False,6287
240,15,15,0.13333333333333333,False,False,6725
240,16,16,0.1875,True,True,7365
241,2,2,1.0,True,False,1605
242,2,2,1.0,True,False,834
243,2,2,1.0,True,False,563
244,2,2,0.0,False,False,1762
244,3,3,0.3333333333333333,False,False,2575
244,4,4,0.5,True,False,3492
245,2,1,1.0,True,False,2029
246,2,2,1.0,True,False,588
247,2,2,1.0,True,False,983
248,2,0,,False,False,2048
248,3,0,,False,False,3072
248,4,0,,False,False,4096
248,5,0,,False,False,5120
248,6,0,,False,False,6144
248,7,0,,False,False,7168
248,8,0,,False,False,8192
248,9,0,,False,False,9216
248,10,0,,False,False,10240
248,11,0,,False,False,11264
248,12,0,,False,False,12288
248,13,0,,False,False,13312
248,14,0,,False,False,14336
248,15,0,,False,False,15360
248,16,0,,True,True,16384
249,2,2,1.0,True,False,1666
250,2,2,1.0,True,False,1147
251,2,2,1.0,True,False,1020
252,2,2,1.0,True,False,1069
253,2,2,1.0,True,False,432
254,2,2,1.0,True,False,797
255,2,2,1.0,True,False,698
256,2,2,1.0,True,False,784
257,2,2,1.0,True,False,798
258,2,2,1.0,True,False,1080
259,2,2,1.0,True,False,541
260,2,2,1.0,True,False,1270
261,2,2,1.0,True,False,753
262,2,2,1.0,True,False,466
263,2,2,1.0,True,False,790
264,2,2,0.0,False,False,906
264,3,3,0.0,False,False,1930
264,4,4,0.25,False,False,2529
264,5,5,0.2,False,False,3049
264,6,6,0.16666666666666666,False,False,3868
264,7,7,0.14285714285714285,False,False,4282
264,8,8,0.125,False,False,4732
264,9,9,0.0,False,False,5185
264,10,10,0.1,False,False,5583
264,11,11,0.0,False,False,6091
264,12,12,0.0,False,False,6774
264,13,13,0.07692307692307693,False,False,7194
264,14,14,0.07142857142857142,False,False,7695
264,15,15,0.06666666666666667,False,False,8382
264,16,16,0.0,True,True,8920
265,2,2,1.0,True,False,446
266,2,2,1.0,True,False,860
267,2,2,1.0,True,False,1065
268,2,2,1.0,True,False,555
269,2,2,1.0,True,False,735
270,2,2,1.0,True,False,709
271,2,2,1.0,True,False,1486
272,2,2,1.0,True,False,1439
273,2,2,1.0,True,False,761
274,2,2,0.0,False,False,565
274,3,3,0.3333333333333333,False,False,914
274,4,4,0.5,True,False,1257
275,2,2,1.0,True,False,569
276,2,2,1.0,True,False,942
277,2,2,1.0,True,False,668
278,2,2,1.0,True,False,831
279,2,2,1.0,True,False,992
280,2,2,1.0,True,False,641
281,2,2,0.0,False,False,989
281,3,3,0.3333333333333333,False,False,1637
281,4,4,0.5,True,False,2109
282,2,2,1.0,True,False,731
283,2,2,1.0,True,False,827
284,2,2,0.0,False,False,1166
284,3,3,0.3333333333333333,False,False,1494
284,4,4,0.0,False,False,2212
284,5,5,0.2,False,False,3054
284,6,6,0.0,False,False,3388
284,7,7,0.14285714285714285,False,False,4059
284,8,8,0.125,False,False,4392
284,9,9,0.1111111111111111,False,False,4662
284,10,10,0.0,False,False,5172
284,11,11,0.09090909090909091,False,False,5873
284,12,12,0.16666666666666666,False,False,6557
284,13,12,0.16666666666666666,False,False,7581
284,14,13,0.07692307692307693,False,False,7966
284,15,14,0.07142857142857142,False,False,8409
284,16,15,0.06666666666666667,True,True,8651
285,2,2,0.0,False,False,1553
285,3,2,0.0,False,False,2577
285,4,2,0.0,False,False,3601
285,5,2,0.0,False,False,4625
285,6,2,0.0,False,False,5649
285,7,2,0.0,False,False,6673
285,8,2,0.0,False,False,7697
285,9,3,0.0,False,False,8514
285,10,3,0.0,False,False,9538
285,11,3,0.0,False,False,10562
285,12,3,0.0,False,False,11586
285,13,3,0.0,False,False,12610
285,14,3,0.0,False,False,13634
285,15,4,0.0,False,False,14609
285,16,4,0.0,True,True,15633
286,2,2,0.0,False,False,1444
286,3,2,0.0,False,False,2468
286,4,3,0.0,False,False,3320
286,5,4,0.0,False,False,4037
286,6,5,0.0,False,False,4890
286,7,6,0.16666666666666666,False,False,5873
286,8,7,0.2857142857142857,False,False,6596
286,9,8,0.375,False,False,7620
286,10,9,0.3333333333333333,False,False,8430
286,11,9,0.3333333333333333,False,False,9454
286,12,9,0.3333333333333333,False,False,10478
286,13,10,0.2,False,False,11487
286,14,10,0.2,False,False,12511
286,15,11,0.2727272727272727,False,False,13258
286,16,11,0.2727272727272727,True,True,14282
287,2,2,1.0,True,False,993
288,2,0,,False,False,2048
288,3,1,1.0,True,False,2786
289,2,2,1.0,True,False,1068
290,2,2,1.0,True,False,2028
291,2,2,0.0,False,False,716
291,3,3,0.3333333333333333,False,False,1072
291,4,4,0.5,True,False,1398
292,2,1,1.0,True,False,1907
293,2,2,1.0,True,False,1133
294,2,2,0.0,False,False,827
294,3,3,0.0,False,False,1658
294,4,4,0.0,False,False,2330
294,5,5,0.2,False,False,3256
294,6,6,0.3333333333333333,False,False,4077
294,7,7,0.42857142857142855,False,False,4656
294,8,7,0.42857142857142855,False,False,5680
294,9,8,0.375,False,False,6607
294,10,8,0.375,False,False,7631
294,11,9,0.4444444444444444,False,False,8606
294,12,10,0.5,True,False,9532
295,2,2,0.0,False,False,1245
295,3,3,0.0,False,False,1769
295,4,4,0.25,False,False,2377
295,5,5,0.2,False,False,3210
295,6,6,0.3333333333333333,False,False,4144
295,7,6,0.3333333333333333,False,False,5168
295,8,7,0.42857142857142855,False,False,6036
295,9,8,0.25,False,False,6751
295,10,9,0.2222222222222222,False,False,7532
295,11,10,0.2,False,False,8274
295,12,11,0.09090909090909091,False,False,9200
295,13,12,0.16666666666666666,False,False,10224
295,14,13,0.15384615384615385,False,False,11172
295,15,13,0.15384615384615385,False,False,12196
295,16,14,0.07142857142857142,True,True,12873
296,2,1,1.0,True,False,1933
297,2,2,1.0,True,False,1494
298,2,2,0.0,False,False,1584
298,3,2,0.0,False,False,2608
298,4,2,0.0,False,False,3632
298,5,3,0.3333333333333333,False,False,4542
298,6,3,0.3333333333333333,False,False,5566
298,7,3,0.3333333333333333,False,False,6590
298,8,4,0.5,True,False,7611
299,2,2,1.0,True,False,780
300,2,2,1.0,True,False,534
301,2,2,0.0,False,False,1019
301,3,3,0.0,False,False,1495
301,4,4,0.25,False,False,1850
301,5,5,0.0,False,False,2327
301,6,6,0.0,False,False,2751
301,7,7,0.14285714285714285,False,False,3183
301,8,8,0.25,False,False,3689
301,9,9,0.2222222222222222,False,False,4114
301,10,10,0.3,False,False,4590
301,11,11,0.36363636363636365,False,False,5082
301,12,12,0.4166666666666667,False,False,5466
301,13,13,0.46153846153846156,False,False,5937
301,14,14,0.5,True,False,6387
302,2,2,0.0,False,False,1534
302,3,2,0.0,False,False,2558
302,4,3,0.0,False,False,3153
302,5,3,0.0,False,False,4177
302,6,4,0.0,False,False,4697
302,7,5,0.0,False,False,5189
302,8,6,0.16666666666666666,False,False,5733
302,9,7,0.2857142857142857,False,False,6413
302,10,7,0.2857142857142857,False,False,7437
302,11,8,0.25,False,False,7908
302,12,9,0.2222222222222222,False,False,8589
302,13,10,0.3,False,False,9613
302,14,11,0.18181818181818182,False,False,10160
302,15,12,0.08333333333333333,False,False,10716
302,16,12,0.08333333333333333,True,True,11740
303,2,2,1.0,True,False,1516
304,2,2,1.0,True,False,1579
305,2,2,1.0,True,False,1196
306,2,2,1.0,True,False,1526
307,2,2,1.0,True,False,1162
308,2,1,1.0,True,False,1943
309,2,1,1.0,True,False,1715
310,2,2,1.0,True,False,785
311,2,2,1.0,True,False,1354
312,2,2,1.0,True,False,871
313,2,2,1.0,True,False,798
314,2,2,1.0,True,False,694
315,2,2,1.0,True,False,900
316,2,2,1.0,True,False,1915
317,2,2,1.0,True,False,1212
318,2,2,1.0,True,False,962
319,2,2,1.0,True,False,684
320,2,2,1.0,True,False,992
321,2,2,1.0,True,False,698
322,2,2,1.0,True,False,705
323,2,2,1.0,True,False,844
324,2,2,0.0,False,False,1640
324,3,3,0.3333333333333333,False,False,2380
324,4,4,0.5,True,False,3360
325,2,2,1.0,True,False,941
326,2,0,,False,False,2048
326,3,1,1.0,True,False,3024
327,2,1,1.0,True,False,2048
328,2,0,,False,False,2048
328,3,1,1.0,True,False,2991
329,2,2,1.0,True,False,439
330,2,2,1.0,True,False,1019
331,2,2,1.0,True,False,1366
332,2,2,0.0,False,False,1290
332,3,3,0.0,False,False,2314
332,4,4,0.25,False,False,3076
332,5,5,0.2,False,False,3939
332,6,6,0.3333333333333333,False,False,4963
332,7,7,0.2857142857142857,False,False,5987
332,8,8,0.125,False,False,6677
332,9,9,0.2222222222222222,False,False,7701
332,10,10,0.1,False,False,8416
332,11,11,0.09090909090909091,False,False,9440
332,12,12,0.16666666666666666,False,False,10415
332,13,13,0.23076923076923078,False,False,10895
332,14,14,0.14285714285714285,False,False,11865
332,15,15,0.2,False,False,12665
332,16,16,0.125,True,True,13304
333,2,1,1.0,True,False,2048
334,2,2,1.0,True,False,930
335,2,2,1.0,True,False,1472
336,2,2,1.0,True,False,504
337,2,2,1.0,True,False,944
338,2,2,1.0,True,False,633
339,2,2,1.0,True,False,1372
340,2,0,,False,False,2048
340,3,0,,False,False,3072
340,4,0,,False,False,4096
340,5,0,,False,False,5120
340,6,0,,False,False,6144
340,7,0,,False,False,7168
340,8,0,,False,False,8192
340,9,0,,False,False,9216
340,10,0,,False,False,10240
340,11,0,,False,False,11264
340,12,0,,False,False,12288
340,13,0,,False,False,13312
340,14,0,,False,False,14336
340,15,0,,False,False,15360
340,16,0,,True,True,16384
341,2,2,1.0,True,False,783
342,2,2,1.0,True,False,692
343,2,2,1.0,True,False,721
344,2,2,1.0,True,False,848
345,2,2,1.0,True,False,629
346,2,2,1.0,True,False,1123
347,2,2,1.0,True,False,759
348,2,2,1.0,True,False,840
349,2,2,1.0,True,False,625
350,2,2,1.0,True,False,658
351,2,2,1.0,True,False,1067
352,2,1,1.0,True,False,1917
353,2,2,1.0,True,False,882
354,2,2,0.0,False,False,1450
354,3,3,0.3333333333333333,False,False,1858
354,4,4,0.5,True,False,2463
355,2,2,0.0,False,False,1219
355,3,3,0.3333333333333333,False,False,1874
355,4,4,0.25,False,False,2794
355,5,5,0.2,False,False,3571
355,6,6,0.3333333333333333,False,False,4067
355,7,7,0.14285714285714285,False,False,4566
355,8,8,0.25,False,False,5128
355,9,9,0.3333333333333333,False,False,5713
355,10,10,0.4,False,False,6385
355,11,11,0.36363636363636365,False,False,7123
355,12,12,0.4166666666666667,False,False,8147
355,13,12,0.4166666666666667,False,False,9171
355,14,13,0.38461538461538464,False,False,10008
355,15,14,0.42857142857142855,False,False,10709
355,16,15,0.4666666666666667,True,True,11729
356,2,2,1.0,True,False,1453
357,2,2,0.0,False,False,991
357,3,3,0.0,False,False,1363
357,4,4,0.25,False,False,1976
357,5,5,0.4,False,False,2372
357,6,6,0.5,True,False,2812
358,2,2,0.0,False,False,818
358,3,3,0.3333333333333333,False,False,1335
358,4,4,0.5,True,False,1915
359,2,1,1.0,True,False,1803
360,2,2,1.0,True,False,826
361,2,2,1.0,True,False,1424
362,2,2,1.0,True,False,364
363,2,2,1.0,True,False,543
364,2,2,1.0,True,False,1507
365,2,2,1.0,True,False,1433
366,2,2,1.0,True,False,950
367,2,2,1.0,True,False,560
368,2,2,1.0,True,False,568
369,2,2,0.0,False,False,625
369,3,3,0.3333333333333333,False,False,972
369,4,4,0.25,False,False,1277
369,5,5,0.4,False,False,1610
369,6,6,0.5,True,False,1927
370,2,2,1.0,True,False,636
371,2,2,0.0,False,False,1982
371,3,3,0.0,False,False,2856
371,4,3,0.0,False,False,3880
371,5,4,0.0,False,False,4524
371,6,4,0.0,False,False,5548
371,7,4,0.0,False,False,6572
371,8,5,0.2,False,False,7385
371,9,5,0.2,False,False,8409
371,10,6,0.0,False,False,9386
371,11,7,0.0,False,False,10259
371,12,8,0.0,False,False,10994
371,13,8,0.0,False,False,12018
371,14,9,0.0,False,False,12692
371,15,10,0.1,False,False,13716
371,16,11,0.18181818181818182,True,True,14407
372,2,2,0.0,False,False,1379
372,3,3,0.0,False,False,1727
372,4,4,0.0,False,False,2095
372,5,5,0.0,False,False,2481
372,6,6,0.16666666666666666,False,False,3219
372,7,7,0.14285714285714285,False,False,3828
372,8,8,0.125,False,False,4263
372,9,9,0.1111111111111111,False,False,5198
372,10,10,0.0,False,False,5747
372,11,11,0.0,False,False,6232
372,12,12,0.0,False,False,6764
372,13,13,0.07692307692307693,False,False,7343
372,14,14,0.07142857142857142,False,False,7940
372,15,15,0.0,False,False,8374
372,16,16,0.0,True,True,9220
373,2,2,1.0,True,False,878
374,2,2,1.0,True,False,540
375,2,2,1.0,True,False,1118
376,2,2,1.0,True,False,1913
377,2,2,1.0,True,False,876
378,2,2,1.0,True,False,1139
379,2,2,0.0,False,False,1566
379,3,3,0.3333333333333333,False,False,2384
379,4,4,0.5,True,False,3068
380,2,1,1.0,True,False,1426
381,2,1,1.0,True,False,2048
382,2,2,1.0,True,False,1450
383,2,2,1.0,True,False,1299
384,2,2,1.0,True,False,345
385,2,2,1.0,True,False,752
386,2,2,1.0,True,False,895
387,2,2,1.0,True,False,639
388,2,2,1.0,True,False,792
389,2,2,0.0,False,False,836
389,3,3,0.0,False,False,1325
389,4,4,0.25,False,False,1919
389,5,5,0.0,False,False,2423
389,6,6,0.16666666666666666,False,False,2771
389,7,7,0.0,False,False,3154
389,8,8,0.125,False,False,4008
389,9,9,0.2222222222222222,False,False,4566
389,10,10,0.2,False,False,5059
389,11,11,0.2727272727272727,False,False,5528
389,12,12,0.3333333333333333,False,False,6059
389,13,13,0.3076923076923077,False,False,6572
389,14,14,0.2857142857142857,False,False,6979
389,15,15,0.3333333333333333,False,False,7626
389,16,16,0.375,True,True,8123
390,2,1,1.0,True,False,1968
391,2,2,1.0,True,False,1749
392,2,2,0.0,False,False,1835
392,3,3,0.0,False,False,2845
392,4,4,0.0,False,False,3869
392,5,5,0.2,False,False,4658
392,6,6,0.0,False,False,5682
392,7,7,0.14285714285714285,False,False,6706
392,8,8,0.25,False,False,7730
392,9,9,0.3333333333333333,False,False,8635
392,10,9,0.3333333333333333,False,False,9659
392,11,9,0.3333333333333333,False,False,10683
392,12,10,0.3,False,False,11549
392,13,11,0.18181818181818182,False,False,12573
392,14,12,0.16666666666666666,False,False,13129
392,15,12,0.16666666666666666,False,False,14153
392,16,12,0.16666666666666666,True,True,15177
393,2,2,1.0,True,False,883
394,2,2,1.0,True,False,1612
395,2,2,1.0,True,False,675
396,2,2,0.0,False,False,862
396,3,3,0.0,False,False,1489
396,4,4,0.25,False,False,1936
396,5,5,0.4,False,False,2414
396,6,6,0.5,True,False,3008
397,2,2,1.0,True,False,713
398,2,1,1.0,True,False,2048
399,2,2,1.0,True,False,544
400,2,2,0.0,False,False,1484
400,3,3,0.0,False,False,2468
400,4,4,0.25,False,False,3492
400,5,5,0.2,False,False,3890
400,6,6,0.16666666666666666,False,False,4447
400,7,7,0.2857142857142857,False,False,4925
400,8,8,0.125,False,False,5482
400,9,9,0.1111111111111111,False,False,6506
400,10,9,0.1111111111111111,False,False,7530
400,11,10,0.0,False,False,8553
400,12,11,0.0,False,False,8950
400,13,12,0.08333333333333333,False,False,9519
400,14,13,0.0,False,False,10029
400,15,14,0.07142857142857142,False,False,10897
400,16,15,0.13333333333333333,True,True,11805
401,2,1,1.0,True,False,1990
402,2,2,0.0,False,False,743
402,3,3,0.3333333333333333,False,False,1169
402,4,4,0.5,True,False,1571
403,2,2,1.0,True,False,1114
404,2,2,1.0,True,False,641
405,2,2,1.0,True,False,1449
406,2,2,1.0,True,False,646
407,2,2,1.0,True,False,546
408,2,0,,False,False,2048
408,3,0,,False,False,3072
408,4,0,,False,False,4096
408,5,0,,False,False,5120
408,6,0,,False,False,6144
408,7,0,,False,False,7168
408,8,0,,False,False,8192
408,9,0,,False,False,9216
408,10,0,,False,False,10240
408,11,0,,False,False,11264
408,12,0,,False,False,12288
408,13,0,,False,False,13312
408,14,1,1.0,True,False,14164
409,2,2,1.0,True,False,1234
410,2,2,1.0,True,False,792
411,2,2,1.0,True,False,391
412,2,2,0.0,False,False,1443
412,3,2,0.0,False,False,2467
412,4,2,0.0,False,False,3491
412,5,2,0.0,False,False,4515
412,6,2,0.0,False,False,5539
412,7,2,0.0,False,False,6563
412,8,3,0.3333333333333333,False,False,7575
412,9,3,0.3333333333333333,False,False,8599
412,10,4,0.25,False,False,9341
412,11,4,0.25,False,False,10365
412,12,4,0.25,False,False,11389
412,13,4,0.25,False,False,12413
412,14,4,0.25,False,False,13437
412,15,5,0.2,False,False,14461
412,16,6,0.16666666666666666,True,True,15180
413,2,2,1.0,True,False,627
414,2,2,1.0,True,False,994
415,2,2,1.0,True,False,1693
416,2,2,1.0,True,False,1088
417,2,2,1.0,True,False,1421
418,2,2,1.0,True,False,1401
419,2,1,1.0,True,False,1815
420,2,2,1.0,True,False,1066
421,2,2,0.0,False,False,1788
421,3,2,0.0,False,False,2812
421,4,3,0.3333333333333333,False,False,3775
421,5,4,0.25,False,False,4764
421,6,4,0.25,False,False,5788
421,7,5,0.0,False,False,6674
421,8,5,0.0,False,False,7698
421,9,5,0.0,False,False,8722
421,10,6,0.16666666666666666,False,False,9486
421,11,7,0.2857142857142857,False,False,10505
421,12,8,0.125,False,False,11482
421,13,9,0.2222222222222222,False,False,12235
421,14,9,0.2222222222222222,False,False,13259
421,15,10,0.2,False,False,14259
421,16,11,0.2727272727272727,True,True,15013
422,2,0,,False,False,2048
422,3,1,1.0,True,False,2873
423,2,2,0.0,False,False,1621
423,3,3,0.0,False,False,2311
423,4,4,0.25,False,False,3019
423,5,5,0.4,False,False,3874
423,6,6,0.3333333333333333,False,False,4711
423,7,7,0.2857142857142857,False,False,5655
423,8,8,0.375,False,False,6580
423,9,9,0.2222222222222222,False,False,7577
423,10,10,0.1,False,False,8361
423,11,11,0.0,False,False,9278
423,12,12,0.08333333333333333,False,False,10049
423,13,13,0.15384615384615385,False,False,10946
423,14,14,0.07142857142857142,False,False,11848
423,15,15,0.06666666666666667,False,False,12820
423,16,16,0.0625,True,True,13591
424,2,2,1.0,True,False,828
425,2,2,0.0,False,False,1258
425,3,3,0.0,False,False,1651
425,4,3,0.0,False,False,2675
425,5,4,0.0,False,False,3376
425,6,5,0.0,False,False,4062
425,7,6,0.16666666666666666,False,False,4827
425,8,7,0.14285714285714285,False,False,5851
425,9,8,0.125,False,False,6354
425,10,9,0.1111111111111111,False,False,6910
425,11,10,0.0,False,False,7424
425,12,11,0.0,False,False,8048
425,13,12,0.0,False,False,8429
425,14,13,0.0,False,False,8896
425,15,14,0.07142857142857142,False,False,9388
425,16,15,0.13333333333333333,True,True,9727
426,2,2,1.0,True,False,984
427,2,2,1.0,True,False,858
428,2,1,1.0,True,False,1817
429,2,2,1.0,True,False,1056
430,2,2,1.0,True,False,507
431,2,2,0.0,False,False,1614
431,3,3,0.0,False,False,2360
431,4,4,0.0,False,False,3158
431,5,5,0.2,False,False,3933
431,6,6,0.0,False,False,4931
431,7,7,0.0,False,False,5691
431,8,8,0.125,False,False,6461
431,9,9,0.0,False,False,7293
431,10,10,0.1,False,False,8151
431,11,11,0.18181818181818182,False,False,8987
431,12,12,0.16666666666666666,False,False,9665
431,13,13,0.15384615384615385,False,False,10336
431,14,14,0.14285714285714285,False,False,11191
431,15,15,0.13333333333333333,False,False,11850
431,16,16,0.125,True,True,12566
432,2,1,1.0,True,False,1908
433,2,2,1.0,True,False,1203
434,2,2,1.0,True,False,983
435,2,2,1.0,True,False,1311
436,2,1,1.0,True,False,2028
437,2,2,1.0,True,False,1473
438,2,2,1.0,True,False,640
439,2,1,1.0,True,False,1856
440,2,2,1.0,True,False,891
441,2,2,1.0,True,False,794
442,2,2,1.0,True,False,483
443,2,2,1.0,True,False,592
444,2,2,0.0,False,False,1459
444,3,3,0.3333333333333333,False,False,2028
444,4,4,0.5,True,False,2718
445,2,1,1.0,True,False,1875
446,2,2,1.0,True,False,1476
447,2,2,1.0,True,False,757
448,2,2,1.0,True,False,1603
449,2,2,1.0,True,False,514
450,2,2,1.0,True,False,1125
451,2,2,1.0,True,False,988
452,2,2,1.0,True,False,845
453,2,2,1.0,True,False,716
454,2,0,,False,False,2048
454,3,1,1.0,True,False,2980
455,2,2,1.0,True,False,690
456,2,2,1.0,True,False,1931
457,2,2,1.0,True,False,285
458,2,2,1.0,True,False,1270
459,2,2,1.0,True,False,1575
460,2,2,0.0,False,False,1430
460,3,3,0.0,False,False,1874
460,4,4,0.0,False,False,2281
460,5,5,0.2,False,False,2625
460,6,6,0.3333333333333333,False,False,3014
460,7,7,0.42857142857142855,False,False,3463
460,8,8,0.375,False,False,3936
460,9,9,0.4444444444444444,False,False,4368
460,10,10,0.3,False,False,4876
460,11,11,0.2727272727272727,False,False,5250
460,12,12,0.25,False,False,5593
460,13,13,0.3076923076923077,False,False,6021
460,14,14,0.2857142857142857,False,False,6589
460,15,15,0.2,False,False,6928
460,16,16,0.1875,True,True,7723
461,2,2,1.0,True,False,1337
462,2,2,0.0,False,False,859
462,3,3,0.3333333333333333,False,False,1346
462,4,4,0.25,False,False,2370
462,5,5,0.4,False,False,2796
462,6,6,0.5,True,False,3226
463,2,2,1.0,True,False,644
464,2,2,1.0,True,False,1410
465,2,2,1.0,True,False,558
466,2,2,0.0,False,False,1570
466,3,3,0.0,False,False,2373
466,4,4,0.25,False,False,3081
466,5,5,0.2,False,False,3944
466,6,6,0.0,False,False,4599
466,7,7,0.14285714285714285,False,False,5257
466,8,8,0.125,False,False,5908
466,9,9,0.2222222222222222,False,False,6638
466,10,10,0.2,False,False,7390
466,11,11,0.2727272727272727,False,False,8131
466,12,12,0.25,False,False,8832
466,13,13,0.3076923076923077,False,False,9416
466,14,14,0.2857142857142857,False,False,10293
466,15,15,0.26666666666666666,False,False,11084
466,16,16,0.3125,True,True,11697
467,2,2,1.0,True,False,506
468,2,2,1.0,True,False,587
469,2,2,1.0,True,False,547
470,2,0,,False,False,2048
470,3,1,1.0,True,False,3072
471,2,2,1.0,True,False,548
472,2,2,1.0,True,False,899
473,2,2,1.0,True,False,1416
474,2,2,1.0,True,False,1466
475,2,1,1.0,True,False,1957
476,2,2,1.0,True,False,740
477,2,2,0.0,False,False,1798
477,3,3,0.3333333333333333,False,False,2691
477,4,4,0.5,True,False,3561
478,2,2,1.0,True,False,948
479,2,2,1.0,True,False,804
480,2,2,1.0,True,False,1039
481,2,1,1.0,True,False,1623
482,2,2,0.0,False,False,1346
482,3,3,0.0,False,False,1942
482,4,4,0.0,False,False,2446
482,5,5,0.2,False,False,3047
482,6,6,0.0,False,False,3583
482,7,7,0.14285714285714285,False,False,4431
482,8,8,0.0,False,False,5073
482,9,9,0.1111111111111111,False,False,5838
482,10,10,0.2,False,False,6344
482,11,11,0.18181818181818182,False,False,6943
482,12,12,0.25,False,False,7497
482,13,13,0.3076923076923077,False,False,8272
482,14,14,0.21428571428571427,False,False,8847
482,15,15,0.26666666666666666,False,False,9444
482,16,16,0.3125,True,True,9961
483,2,1,1.0,True,False,1950
484,2,2,1.0,True,False,1475
485,2,0,,False,False,2048
485,3,0,,False,False,3072
485,4,1,1.0,True,False,3538
486,2,2,1.0,True,False,415
487,2,2,1.0,True,False,1328
488,2,2,1.0,True,False,451
489,2,2,1.0,True,False,1009
490,2,1,1.0,True,False,1989
491,2,2,0.0,False,False,922
491,3,3,0.0,False,False,1227
491,4,3,0.0,False,False,2251
491,5,4,0.0,False,False,2617
491,6,5,0.2,False,False,2913
491,7,6,0.16666666666666666,False,False,3252
491,8,7,0.0,False,False,3548
491,9,8,0.0,False,False,3835
491,10,9,0.1111111111111111,False,False,4088
491,11,9,0.1111111111111111,False,False,5112
491,12,10,0.1,False,False,5418
491,13,11,0.09090909090909091,False,False,6442
491,14,12,0.08333333333333333,False,False,6725
491,15,13,0.15384615384615385,False,False,7022
491,16,14,0.14285714285714285,True,True,7272
492,2,2,1.0,True,False,881
493,2,2,1.0,True,False,1280
494,2,0,,False,False,2048
494,3,1,1.0,True,False,2886
495,2,2,1.0,True,False,1047
496,2,2,1.0,True,False,919
497,2,2,0.0,False,False,1284
497,3,3,0.0,False,False,2308
497,4,4,0.0,False,False,3332
497,5,5,0.0,False,False,3777
497,6,6,0.0,False,False,4387
497,7,7,0.0,False,False,4824
497,8,8,0.125,False,False,5214
497,9,9,0.0,False,False,5814
497,10,10,0.1,False,False,6838
497,11,11,0.18181818181818182,False,False,7326
497,12,12,0.25,False,False,8073
497,13,13,0.23076923076923078,False,False,8786
497,14,14,0.2857142857142857,False,False,9237
497,15,15,0.26666666666666666,False,False,9689
497,16,16,0.3125,True,True,10713
498,2,2,0.0,False,False,1614
498,3,3,0.3333333333333333,False,False,2415
498,4,4,0.0,False,False,3439
498,5,4,0.0,False,False,4463
498,6,4,0.0,False,False,5487
498,7,4,0.0,False,False,6511
498,8,5,0.2,False,False,7305
498,9,6,0.0,False,False,8100
498,10,7,0.14285714285714285,False,False,9124
498,11,8,0.25,False,False,10148
498,12,9,0.3333333333333333,False,False,11067
498,13,10,0.4,False,False,12091
498,14,11,0.45454545454545453,False,False,12958
498,15,12,0.3333333333333333,False,False,13743
498,16,13,0.38461538461538464,True,True,14758
499,2,2,1.0,True,False,720
