analysis_type,features,mean,median,metric,n,outcome,prefix,signal,test_questions,train_questions,value
signal_summary,,1.0,1.0,,32,improves,1,consensus,,,
signal_summary,,0.0,0.0,,32,improves,1,answer_entropy,,,
signal_summary,,1.0,1.0,,32,improves,1,vote_margin,,,
signal_summary,,1.0,1.0,,32,improves,1,answer_stability,,,
signal_summary,,1.0,1.0,,426,no_correctness_change,1,consensus,,,
signal_summary,,0.0,0.0,,426,no_correctness_change,1,answer_entropy,,,
signal_summary,,1.0,1.0,,426,no_correctness_change,1,vote_margin,,,
signal_summary,,1.0,1.0,,426,no_correctness_change,1,answer_stability,,,
signal_summary,,1.0,1.0,,8,regression,1,consensus,,,
signal_summary,,0.0,0.0,,8,regression,1,answer_entropy,,,
signal_summary,,1.0,1.0,,8,regression,1,vote_margin,,,
signal_summary,,1.0,1.0,,8,regression,1,answer_stability,,,
signal_summary,,0.6176470588235294,0.5,,34,improves,2,consensus,,,
signal_summary,,0.5300537263105463,0.6931471805599453,,34,improves,2,answer_entropy,,,
signal_summary,,0.23529411764705882,0.0,,34,improves,2,vote_margin,,,
signal_summary,,1.9411764705882353,2.0,,34,improves,2,answer_stability,,,
signal_summary,,0.9267734553775744,1.0,,437,no_correctness_change,2,consensus,,,
signal_summary,,0.10151354589436269,0.0,,437,no_correctness_change,2,answer_entropy,,,
signal_summary,,0.8535469107551488,1.0,,437,no_correctness_change,2,vote_margin,,,
signal_summary,,1.9748283752860412,2.0,,437,no_correctness_change,2,answer_stability,,,
signal_summary,,0.75,0.75,,10,regression,2,consensus,,,
signal_summary,,0.34657359027997264,0.34657359027997264,,10,regression,2,answer_entropy,,,
signal_summary,,0.5,0.5,,10,regression,2,vote_margin,,,
signal_summary,,1.8,2.0,,10,regression,2,answer_stability,,,
signal_summary,,0.5185185185185185,0.5,,27,improves,3,consensus,,,
signal_summary,,0.7902122816691624,0.6931471805599453,,27,improves,3,answer_entropy,,,
signal_summary,,0.1728395061728395,0.0,,27,improves,3,vote_margin,,,
signal_summary,,2.7777777777777777,3.0,,27,improves,3,answer_stability,,,
signal_summary,,0.9110612855007474,1.0,,446,no_correctness_change,3,consensus,,,
signal_summary,,0.15536276290131532,0.0,,446,no_correctness_change,3,answer_entropy,,,
signal_summary,,0.8385650224215246,1.0,,446,no_correctness_change,3,vote_margin,,,
signal_summary,,2.908071748878924,3.0,,446,no_correctness_change,3,answer_stability,,,
signal_summary,,0.6212121212121212,0.6666666666666666,,11,regression,3,consensus,,,
signal_summary,,0.6519595352762125,0.6365141682948128,,11,regression,3,answer_entropy,,,
signal_summary,,0.33333333333333337,0.3333333333333333,,11,regression,3,vote_margin,,,
signal_summary,,2.6363636363636362,3.0,,11,regression,3,answer_stability,,,
signal_summary,,0.4876543209876543,0.5,,27,improves,4,consensus,,,
signal_summary,,0.9318721505680825,1.0397207708399179,,27,improves,4,answer_entropy,,,
signal_summary,,0.18209876543209874,0.25,,27,improves,4,vote_margin,,,
signal_summary,,3.111111111111111,4.0,,27,improves,4,answer_stability,,,
signal_summary,,0.896570796460177,1.0,,452,no_correctness_change,4,consensus,,,
signal_summary,,0.19940299209987317,0.0,,452,no_correctness_change,4,answer_entropy,,,
signal_summary,,0.8248525073746312,1.0,,452,no_correctness_change,4,vote_margin,,,
signal_summary,,3.814159292035398,4.0,,452,no_correctness_change,4,answer_stability,,,
signal_summary,,0.65,0.7083333333333333,,10,regression,4,consensus,,,
signal_summary,,0.6757055757677936,0.5994246564568105,,10,regression,4,answer_entropy,,,
signal_summary,,0.38333333333333336,0.41666666666666663,,10,regression,4,vote_margin,,,
signal_summary,,3.3,4.0,,10,regression,4,answer_stability,,,
signal_summary,,0.4521739130434782,0.4,,23,improves,5,consensus,,,
signal_summary,,1.03668359128801,1.0549201679861442,,23,improves,5,answer_entropy,,,
signal_summary,,0.1384057971014493,0.0,,23,improves,5,vote_margin,,,
signal_summary,,3.652173913043478,5.0,,23,improves,5,answer_stability,,,
signal_summary,,0.8807268722466961,1.0,,454,no_correctness_change,5,consensus,,,
signal_summary,,0.24134981380566217,0.0,,454,no_correctness_change,5,answer_entropy,,,
signal_summary,,0.8035609397944198,1.0,,454,no_correctness_change,5,vote_margin,,,
signal_summary,,4.6938325991189425,5.0,,454,no_correctness_change,5,answer_stability,,,
signal_summary,,0.49615384615384617,0.5,,13,regression,5,consensus,,,
signal_summary,,0.917802363920602,0.6931471805599453,,13,regression,5,answer_entropy,,,
signal_summary,,0.1423076923076923,0.2,,13,regression,5,vote_margin,,,
signal_summary,,3.5384615384615383,4.0,,13,regression,5,answer_stability,,,
signal_summary,,0.45087719298245615,0.5,,19,improves,6,consensus,,,
signal_summary,,1.0512273530180563,1.0114042647073518,,19,improves,6,answer_entropy,,,
signal_summary,,0.1298245614035088,0.16666666666666666,,19,improves,6,vote_margin,,,
signal_summary,,3.8947368421052633,4.0,,19,improves,6,answer_stability,,,
signal_summary,,0.8694444444444445,1.0,,462,no_correctness_change,6,consensus,,,
signal_summary,,0.27520136149669006,0.0,,462,no_correctness_change,6,answer_entropy,,,
signal_summary,,0.786038961038961,1.0,,462,no_correctness_change,6,vote_margin,,,
signal_summary,,5.554112554112554,6.0,,462,no_correctness_change,6,answer_stability,,,
signal_summary,,0.4636363636363637,0.5,,11,regression,6,consensus,,,
signal_summary,,0.9682514865384523,0.6931471805599453,,11,regression,6,answer_entropy,,,
signal_summary,,0.09696969696969697,0.0,,11,regression,6,vote_margin,,,
signal_summary,,4.2727272727272725,5.0,,11,regression,6,answer_stability,,,
signal_summary,,0.42333333333333323,0.42857142857142855,,10,improves,7,consensus,,,
signal_summary,,1.1522029554891868,1.1406383662601076,,10,improves,7,answer_entropy,,,
signal_summary,,0.11047619047619046,0.0,,10,improves,7,vote_margin,,,
signal_summary,,5.7,6.5,,10,improves,7,answer_stability,,,
signal_summary,,0.8592419208698279,1.0,,473,no_correctness_change,7,consensus,,,
signal_summary,,0.30826919518987794,0.0,,473,no_correctness_change,7,answer_entropy,,,
signal_summary,,0.7721081244337059,1.0,,473,no_correctness_change,7,vote_margin,,,
signal_summary,,6.372093023255814,7.0,,473,no_correctness_change,7,answer_stability,,,
signal_summary,,0.4428571428571428,0.42857142857142855,,10,regression,7,consensus,,,
signal_summary,,1.1076038242082233,1.277034259466139,,10,regression,7,answer_entropy,,,
signal_summary,,0.10238095238095238,0.14285714285714285,,10,regression,7,vote_margin,,,
signal_summary,,4.5,5.0,,10,regression,7,answer_stability,,,
signal_summary,,0.4308441558441558,0.5,,11,improves,8,consensus,,,
signal_summary,,1.181041285606575,0.9743147528693494,,11,improves,8,answer_entropy,,,
signal_summary,,0.13344155844155844,0.125,,11,improves,8,vote_margin,,,
signal_summary,,5.0,5.0,,11,improves,8,answer_stability,,,
signal_summary,,0.8563770094024872,1.0,,471,no_correctness_change,8,consensus,,,
signal_summary,,0.328086225469884,0.0,,471,no_correctness_change,8,answer_entropy,,,
signal_summary,,0.7734202810635932,1.0,,471,no_correctness_change,8,vote_margin,,,
signal_summary,,7.305732484076433,8.0,,471,no_correctness_change,8,answer_stability,,,
signal_summary,,0.41179653679653677,0.375,,11,regression,8,consensus,,,
signal_summary,,1.1406926308156669,1.2554823251787535,,11,regression,8,answer_entropy,,,
signal_summary,,0.04707792207792207,0.0,,11,regression,8,vote_margin,,,
signal_summary,,5.090909090909091,5.0,,11,regression,8,answer_stability,,,
signal_summary,,0.37962962962962965,0.4444444444444444,,9,improves,9,consensus,,,
signal_summary,,1.2791889087562305,1.2148896539491203,,9,improves,9,answer_entropy,,,
signal_summary,,0.08179012345679013,0.0,,9,improves,9,vote_margin,,,
signal_summary,,6.888888888888889,7.0,,9,improves,9,answer_stability,,,
signal_summary,,0.8506591478696741,1.0,,475,no_correctness_change,9,consensus,,,
signal_summary,,0.34708228833373783,0.0,,475,no_correctness_change,9,answer_entropy,,,
signal_summary,,0.7628212197159565,1.0,,475,no_correctness_change,9,vote_margin,,,
signal_summary,,8.145263157894737,9.0,,475,no_correctness_change,9,answer_stability,,,
signal_summary,,0.38690476190476186,0.38888888888888884,,10,regression,9,consensus,,,
signal_summary,,1.2470166496994886,1.262836666024417,,10,regression,9,answer_entropy,,,
signal_summary,,0.05138888888888889,0.0,,10,regression,9,vote_margin,,,
signal_summary,,4.5,4.0,,10,regression,9,answer_stability,,,
signal_summary,,0.3738492063492063,0.3875,,10,improves,10,consensus,,,
signal_summary,,1.3268625254760897,1.235185989563937,,10,improves,10,answer_entropy,,,
signal_summary,,0.06650793650793652,0.05,,10,improves,10,vote_margin,,,
signal_summary,,5.2,6.5,,10,improves,10,answer_stability,,,
signal_summary,,0.8420238095238095,1.0,,480,no_correctness_change,10,consensus,,,
signal_summary,,0.3708891467840824,0.0,,480,no_correctness_change,10,answer_entropy,,,
signal_summary,,0.7532192460317461,1.0,,480,no_correctness_change,10,vote_margin,,,
signal_summary,,8.9875,10.0,,480,no_correctness_change,10,answer_stability,,,
signal_summary,,0.3926984126984127,0.4,,5,regression,10,consensus,,,
signal_summary,,1.2332375124633757,1.0986122886681096,,5,regression,10,answer_entropy,,,
signal_summary,,0.06000000000000001,0.0,,5,regression,10,vote_margin,,,
signal_summary,,4.4,4.0,,5,regression,10,answer_stability,,,
signal_summary,,0.39818823152156485,0.3333333333333333,,9,improves,11,consensus,,,
signal_summary,,1.2123848261531474,1.0986122886681096,,9,improves,11,answer_entropy,,,
signal_summary,,0.06963283629950297,0.09090909090909091,,9,improves,11,vote_margin,,,
signal_summary,,4.777777777777778,2.0,,9,improves,11,answer_stability,,,
signal_summary,,0.8362914116019705,1.0,,483,no_correctness_change,11,consensus,,,
signal_summary,,0.3934822568647755,0.0,,483,no_correctness_change,11,answer_entropy,,,
signal_summary,,0.7465173772627189,1.0,,483,no_correctness_change,11,vote_margin,,,
signal_summary,,9.846790890269151,11.0,,483,no_correctness_change,11,answer_stability,,,
signal_summary,,0.40606060606060607,0.4,,3,regression,11,consensus,,,
signal_summary,,1.2408287336914765,1.1935496040981333,,3,regression,11,answer_entropy,,,
signal_summary,,0.030303030303030304,0.0,,3,regression,11,vote_margin,,,
signal_summary,,2.6666666666666665,2.0,,3,regression,11,answer_stability,,,
signal_summary,,0.31825396825396823,0.2857142857142857,,5,improves,12,consensus,,,
signal_summary,,1.4574741765014458,1.704551445267297,,5,improves,12,answer_entropy,,,
signal_summary,,0.050793650793650794,0.0,,5,improves,12,vote_margin,,,
signal_summary,,7.4,9.0,,5,improves,12,answer_stability,,,
signal_summary,,0.8324746437682782,1.0,,487,no_correctness_change,12,consensus,,,
signal_summary,,0.4068528634061008,0.0,,487,no_correctness_change,12,answer_entropy,,,
signal_summary,,0.7415440708048511,1.0,,487,no_correctness_change,12,vote_margin,,,
signal_summary,,10.722792607802875,12.0,,487,no_correctness_change,12,answer_stability,,,
signal_summary,,0.42424242424242425,0.5,,3,regression,12,consensus,,,
signal_summary,,1.136742390601724,0.9184277849930976,,3,regression,12,answer_entropy,,,
signal_summary,,0.027777777777777776,0.0,,3,regression,12,vote_margin,,,
signal_summary,,1.0,1.0,,3,regression,12,answer_stability,,,
signal_summary,,0.3421467421467422,0.36363636363636365,,5,improves,13,consensus,,,
signal_summary,,1.505651138943582,1.4127446368638479,,5,improves,13,answer_entropy,,,
signal_summary,,0.06617826617826618,0.07692307692307693,,5,improves,13,vote_margin,,,
signal_summary,,3.6,1.0,,5,improves,13,answer_stability,,,
signal_summary,,0.8316590001528525,1.0,,488,no_correctness_change,13,consensus,,,
signal_summary,,0.41622762604284647,0.0,,488,no_correctness_change,13,answer_entropy,,,
signal_summary,,0.7425518811789305,1.0,,488,no_correctness_change,13,vote_margin,,,
signal_summary,,11.60860655737705,13.0,,488,no_correctness_change,13,answer_stability,,,
signal_summary,,0.42307692307692313,0.42307692307692313,,2,regression,13,consensus,,,
signal_summary,,1.2152001021774321,1.2152001021774321,,2,regression,13,answer_entropy,,,
signal_summary,,0.038461538461538464,0.038461538461538464,,2,regression,13,vote_margin,,,
signal_summary,,1.5,1.5,,2,regression,13,answer_stability,,,
signal_summary,,0.3782051282051282,0.38461538461538464,,3,improves,14,consensus,,,
signal_summary,,1.3546801244189364,1.4127446368638479,,3,improves,14,answer_entropy,,,
signal_summary,,0.053418803418803416,0.07692307692307693,,3,improves,14,vote_margin,,,
signal_summary,,5.333333333333333,2.0,,3,improves,14,answer_stability,,,
signal_summary,,0.8291653922000154,1.0,,491,no_correctness_change,14,consensus,,,
signal_summary,,0.42797907393431145,0.0,,491,no_correctness_change,14,answer_entropy,,,
signal_summary,,0.7394929126090022,1.0,,491,no_correctness_change,14,vote_margin,,,
signal_summary,,12.509164969450103,14.0,,491,no_correctness_change,14,answer_stability,,,
signal_summary,,0.4,0.4,,2,regression,14,consensus,,,
signal_summary,,1.2969739369368922,1.2969739369368922,,2,regression,14,answer_entropy,,,
signal_summary,,0.08571428571428572,0.08571428571428572,,2,regression,14,vote_margin,,,
signal_summary,,2.0,2.0,,2,regression,14,answer_stability,,,
signal_summary,,0.40569800569800574,0.46153846153846156,,3,improves,15,consensus,,,
signal_summary,,1.1123557686631012,0.9110175397125628,,3,improves,15,answer_entropy,,,
signal_summary,,0.022222222222222223,0.0,,3,improves,15,vote_margin,,,
signal_summary,,5.666666666666667,3.0,,3,improves,15,answer_stability,,,
signal_summary,,0.8274620857442944,1.0,,489,no_correctness_change,15,consensus,,,
signal_summary,,0.44071013949366267,0.0,,489,no_correctness_change,15,answer_entropy,,,
signal_summary,,0.7402223940567499,1.0,,489,no_correctness_change,15,vote_margin,,,
signal_summary,,13.494887525562373,15.0,,489,no_correctness_change,15,answer_stability,,,
signal_summary,,0.4015151515151515,0.43333333333333335,,4,regression,15,consensus,,,
signal_summary,,1.139712104460118,0.9733937816516975,,4,regression,15,answer_entropy,,,
signal_summary,,0.022727272727272728,0.0,,4,regression,15,vote_margin,,,
signal_summary,,2.0,1.5,,4,regression,15,answer_stability,,,
grouped_holdout_logistic,consensus|answer_entropy|vote_margin|answer_stability|invalid_extraction_rate|unique_answers|prefix,,,roc_auc,1462,improves,1-15,all_online_signals,100,400,0.8882479432692656
grouped_holdout_logistic,consensus|answer_entropy|vote_margin|answer_stability|invalid_extraction_rate|unique_answers|prefix,,,average_precision,1462,improves,1-15,all_online_signals,100,400,0.17172232990761344
grouped_holdout_logistic,consensus|answer_entropy|vote_margin|answer_stability|invalid_extraction_rate|unique_answers|prefix,,,brier,1462,improves,1-15,all_online_signals,100,400,0.1406219843450901
grouped_holdout_logistic,consensus|answer_entropy|vote_margin|answer_stability|invalid_extraction_rate|unique_answers|prefix,,,test_prevalence,1462,improves,1-15,all_online_signals,100,400,0.04035567715458276
