evaluation_scope,policy_id,questions_stopped,stop_budget
full_exploratory,fixed_n1,500,1
full_exploratory,fixed_n1,0,2
full_exploratory,fixed_n1,0,3
full_exploratory,fixed_n1,0,4
full_exploratory,fixed_n1,0,5
full_exploratory,fixed_n1,0,6
full_exploratory,fixed_n1,0,7
full_exploratory,fixed_n1,0,8
full_exploratory,fixed_n1,0,9
full_exploratory,fixed_n1,0,10
full_exploratory,fixed_n1,0,11
full_exploratory,fixed_n1,0,12
full_exploratory,fixed_n1,0,13
full_exploratory,fixed_n1,0,14
full_exploratory,fixed_n1,0,15
full_exploratory,fixed_n1,0,16
full_exploratory,fixed_n2,0,1
full_exploratory,fixed_n2,500,2
full_exploratory,fixed_n2,0,3
full_exploratory,fixed_n2,0,4
full_exploratory,fixed_n2,0,5
full_exploratory,fixed_n2,0,6
full_exploratory,fixed_n2,0,7
full_exploratory,fixed_n2,0,8
full_exploratory,fixed_n2,0,9
full_exploratory,fixed_n2,0,10
full_exploratory,fixed_n2,0,11
full_exploratory,fixed_n2,0,12
full_exploratory,fixed_n2,0,13
full_exploratory,fixed_n2,0,14
full_exploratory,fixed_n2,0,15
full_exploratory,fixed_n2,0,16
full_exploratory,fixed_n4,0,1
full_exploratory,fixed_n4,0,2
full_exploratory,fixed_n4,0,3
full_exploratory,fixed_n4,500,4
full_exploratory,fixed_n4,0,5
full_exploratory,fixed_n4,0,6
full_exploratory,fixed_n4,0,7
full_exploratory,fixed_n4,0,8
full_exploratory,fixed_n4,0,9
full_exploratory,fixed_n4,0,10
full_exploratory,fixed_n4,0,11
full_exploratory,fixed_n4,0,12
full_exploratory,fixed_n4,0,13
full_exploratory,fixed_n4,0,14
full_exploratory,fixed_n4,0,15
full_exploratory,fixed_n4,0,16
full_exploratory,fixed_n8,0,1
full_exploratory,fixed_n8,0,2
full_exploratory,fixed_n8,0,3
full_exploratory,fixed_n8,0,4
full_exploratory,fixed_n8,0,5
full_exploratory,fixed_n8,0,6
full_exploratory,fixed_n8,0,7
full_exploratory,fixed_n8,500,8
full_exploratory,fixed_n8,0,9
full_exploratory,fixed_n8,0,10
full_exploratory,fixed_n8,0,11
full_exploratory,fixed_n8,0,12
full_exploratory,fixed_n8,0,13
full_exploratory,fixed_n8,0,14
full_exploratory,fixed_n8,0,15
full_exploratory,fixed_n8,0,16
full_exploratory,fixed_n16,0,1
full_exploratory,fixed_n16,0,2
full_exploratory,fixed_n16,0,3
full_exploratory,fixed_n16,0,4
full_exploratory,fixed_n16,0,5
full_exploratory,fixed_n16,0,6
full_exploratory,fixed_n16,0,7
full_exploratory,fixed_n16,0,8
full_exploratory,fixed_n16,0,9
full_exploratory,fixed_n16,0,10
full_exploratory,fixed_n16,0,11
full_exploratory,fixed_n16,0,12
full_exploratory,fixed_n16,0,13
full_exploratory,fixed_n16,0,14
full_exploratory,fixed_n16,0,15
full_exploratory,fixed_n16,500,16
full_exploratory,consensus_min2_0.60,0,1
full_exploratory,consensus_min2_0.60,386,2
full_exploratory,consensus_min2_0.60,54,3
full_exploratory,consensus_min2_0.60,6,4
full_exploratory,consensus_min2_0.60,4,5
full_exploratory,consensus_min2_0.60,2,6
full_exploratory,consensus_min2_0.60,3,7
full_exploratory,consensus_min2_0.60,2,8
full_exploratory,consensus_min2_0.60,1,9
full_exploratory,consensus_min2_0.60,5,10
full_exploratory,consensus_min2_0.60,0,11
full_exploratory,consensus_min2_0.60,0,12
full_exploratory,consensus_min2_0.60,0,13
full_exploratory,consensus_min2_0.60,1,14
full_exploratory,consensus_min2_0.60,1,15
full_exploratory,consensus_min2_0.60,35,16
full_exploratory,consensus_min2_0.70,0,1
full_exploratory,consensus_min2_0.70,386,2
full_exploratory,consensus_min2_0.70,3,3
full_exploratory,consensus_min2_0.70,35,4
full_exploratory,consensus_min2_0.70,1,5
full_exploratory,consensus_min2_0.70,2,6
full_exploratory,consensus_min2_0.70,2,7
full_exploratory,consensus_min2_0.70,0,8
full_exploratory,consensus_min2_0.70,1,9
full_exploratory,consensus_min2_0.70,3,10
full_exploratory,consensus_min2_0.70,0,11
full_exploratory,consensus_min2_0.70,0,12
full_exploratory,consensus_min2_0.70,0,13
full_exploratory,consensus_min2_0.70,1,14
full_exploratory,consensus_min2_0.70,0,15
full_exploratory,consensus_min2_0.70,66,16
full_exploratory,consensus_min2_0.80,0,1
full_exploratory,consensus_min2_0.80,386,2
full_exploratory,consensus_min2_0.80,3,3
full_exploratory,consensus_min2_0.80,5,4
full_exploratory,consensus_min2_0.80,18,5
full_exploratory,consensus_min2_0.80,2,6
full_exploratory,consensus_min2_0.80,1,7
full_exploratory,consensus_min2_0.80,0,8
full_exploratory,consensus_min2_0.80,1,9
full_exploratory,consensus_min2_0.80,2,10
full_exploratory,consensus_min2_0.80,0,11
full_exploratory,consensus_min2_0.80,0,12
full_exploratory,consensus_min2_0.80,0,13
full_exploratory,consensus_min2_0.80,1,14
full_exploratory,consensus_min2_0.80,1,15
full_exploratory,consensus_min2_0.80,80,16
full_exploratory,consensus_min2_0.90,0,1
full_exploratory,consensus_min2_0.90,386,2
full_exploratory,consensus_min2_0.90,3,3
full_exploratory,consensus_min2_0.90,5,4
full_exploratory,consensus_min2_0.90,1,5
full_exploratory,consensus_min2_0.90,2,6
full_exploratory,consensus_min2_0.90,1,7
full_exploratory,consensus_min2_0.90,0,8
full_exploratory,consensus_min2_0.90,1,9
full_exploratory,consensus_min2_0.90,7,10
full_exploratory,consensus_min2_0.90,1,11
full_exploratory,consensus_min2_0.90,0,12
full_exploratory,consensus_min2_0.90,0,13
full_exploratory,consensus_min2_0.90,1,14
full_exploratory,consensus_min2_0.90,0,15
full_exploratory,consensus_min2_0.90,92,16
full_exploratory,consensus_min2_1.00,0,1
full_exploratory,consensus_min2_1.00,386,2
full_exploratory,consensus_min2_1.00,3,3
full_exploratory,consensus_min2_1.00,5,4
full_exploratory,consensus_min2_1.00,1,5
full_exploratory,consensus_min2_1.00,2,6
full_exploratory,consensus_min2_1.00,1,7
full_exploratory,consensus_min2_1.00,0,8
full_exploratory,consensus_min2_1.00,1,9
full_exploratory,consensus_min2_1.00,1,10
full_exploratory,consensus_min2_1.00,0,11
full_exploratory,consensus_min2_1.00,0,12
full_exploratory,consensus_min2_1.00,0,13
full_exploratory,consensus_min2_1.00,1,14
full_exploratory,consensus_min2_1.00,0,15
full_exploratory,consensus_min2_1.00,99,16
full_exploratory,consensus_min4_0.60,0,1
full_exploratory,consensus_min4_0.60,0,2
full_exploratory,consensus_min4_0.60,0,3
full_exploratory,consensus_min4_0.60,407,4
full_exploratory,consensus_min4_0.60,17,5
full_exploratory,consensus_min4_0.60,3,6
full_exploratory,consensus_min4_0.60,4,7
full_exploratory,consensus_min4_0.60,2,8
full_exploratory,consensus_min4_0.60,1,9
full_exploratory,consensus_min4_0.60,6,10
full_exploratory,consensus_min4_0.60,0,11
full_exploratory,consensus_min4_0.60,1,12
full_exploratory,consensus_min4_0.60,0,13
full_exploratory,consensus_min4_0.60,1,14
full_exploratory,consensus_min4_0.60,1,15
full_exploratory,consensus_min4_0.60,57,16
full_exploratory,consensus_min4_0.70,0,1
full_exploratory,consensus_min4_0.70,0,2
full_exploratory,consensus_min4_0.70,0,3
full_exploratory,consensus_min4_0.70,394,4
full_exploratory,consensus_min4_0.70,3,5
full_exploratory,consensus_min4_0.70,4,6
full_exploratory,consensus_min4_0.70,6,7
full_exploratory,consensus_min4_0.70,0,8
full_exploratory,consensus_min4_0.70,1,9
full_exploratory,consensus_min4_0.70,4,10
full_exploratory,consensus_min4_0.70,0,11
full_exploratory,consensus_min4_0.70,0,12
full_exploratory,consensus_min4_0.70,0,13
full_exploratory,consensus_min4_0.70,2,14
full_exploratory,consensus_min4_0.70,0,15
full_exploratory,consensus_min4_0.70,86,16
full_exploratory,consensus_min4_0.80,0,1
full_exploratory,consensus_min4_0.80,0,2
full_exploratory,consensus_min4_0.80,0,3
full_exploratory,consensus_min4_0.80,343,4
full_exploratory,consensus_min4_0.80,32,5
full_exploratory,consensus_min4_0.80,3,6
full_exploratory,consensus_min4_0.80,2,7
full_exploratory,consensus_min4_0.80,0,8
full_exploratory,consensus_min4_0.80,1,9
full_exploratory,consensus_min4_0.80,3,10
full_exploratory,consensus_min4_0.80,0,11
full_exploratory,consensus_min4_0.80,0,12
full_exploratory,consensus_min4_0.80,0,13
full_exploratory,consensus_min4_0.80,1,14
full_exploratory,consensus_min4_0.80,2,15
full_exploratory,consensus_min4_0.80,113,16
full_exploratory,consensus_min4_0.90,0,1
full_exploratory,consensus_min4_0.90,0,2
full_exploratory,consensus_min4_0.90,0,3
full_exploratory,consensus_min4_0.90,343,4
full_exploratory,consensus_min4_0.90,1,5
full_exploratory,consensus_min4_0.90,2,6
full_exploratory,consensus_min4_0.90,1,7
full_exploratory,consensus_min4_0.90,0,8
full_exploratory,consensus_min4_0.90,1,9
full_exploratory,consensus_min4_0.90,13,10
full_exploratory,consensus_min4_0.90,1,11
full_exploratory,consensus_min4_0.90,0,12
full_exploratory,consensus_min4_0.90,0,13
full_exploratory,consensus_min4_0.90,1,14
full_exploratory,consensus_min4_0.90,0,15
full_exploratory,consensus_min4_0.90,137,16
full_exploratory,consensus_min4_1.00,0,1
full_exploratory,consensus_min4_1.00,0,2
full_exploratory,consensus_min4_1.00,0,3
full_exploratory,consensus_min4_1.00,343,4
full_exploratory,consensus_min4_1.00,1,5
full_exploratory,consensus_min4_1.00,2,6
full_exploratory,consensus_min4_1.00,1,7
full_exploratory,consensus_min4_1.00,0,8
full_exploratory,consensus_min4_1.00,1,9
full_exploratory,consensus_min4_1.00,1,10
full_exploratory,consensus_min4_1.00,0,11
full_exploratory,consensus_min4_1.00,0,12
full_exploratory,consensus_min4_1.00,0,13
full_exploratory,consensus_min4_1.00,1,14
full_exploratory,consensus_min4_1.00,0,15
full_exploratory,consensus_min4_1.00,150,16
full_exploratory,entropy_min2_0.00,0,1
full_exploratory,entropy_min2_0.00,386,2
full_exploratory,entropy_min2_0.00,3,3
full_exploratory,entropy_min2_0.00,5,4
full_exploratory,entropy_min2_0.00,1,5
full_exploratory,entropy_min2_0.00,2,6
full_exploratory,entropy_min2_0.00,1,7
full_exploratory,entropy_min2_0.00,0,8
full_exploratory,entropy_min2_0.00,1,9
full_exploratory,entropy_min2_0.00,1,10
full_exploratory,entropy_min2_0.00,0,11
full_exploratory,entropy_min2_0.00,0,12
full_exploratory,entropy_min2_0.00,0,13
full_exploratory,entropy_min2_0.00,1,14
full_exploratory,entropy_min2_0.00,0,15
full_exploratory,entropy_min2_0.00,99,16
full_exploratory,entropy_min2_0.25,0,1
full_exploratory,entropy_min2_0.25,386,2
full_exploratory,entropy_min2_0.25,3,3
full_exploratory,entropy_min2_0.25,5,4
full_exploratory,entropy_min2_0.25,1,5
full_exploratory,entropy_min2_0.25,2,6
full_exploratory,entropy_min2_0.25,1,7
full_exploratory,entropy_min2_0.25,0,8
full_exploratory,entropy_min2_0.25,1,9
full_exploratory,entropy_min2_0.25,1,10
full_exploratory,entropy_min2_0.25,0,11
full_exploratory,entropy_min2_0.25,0,12
full_exploratory,entropy_min2_0.25,0,13
full_exploratory,entropy_min2_0.25,1,14
full_exploratory,entropy_min2_0.25,4,15
full_exploratory,entropy_min2_0.25,95,16
full_exploratory,entropy_min2_0.50,0,1
full_exploratory,entropy_min2_0.50,386,2
full_exploratory,entropy_min2_0.50,3,3
full_exploratory,entropy_min2_0.50,5,4
full_exploratory,entropy_min2_0.50,1,5
full_exploratory,entropy_min2_0.50,16,6
full_exploratory,entropy_min2_0.50,2,7
full_exploratory,entropy_min2_0.50,0,8
full_exploratory,entropy_min2_0.50,1,9
full_exploratory,entropy_min2_0.50,1,10
full_exploratory,entropy_min2_0.50,0,11
full_exploratory,entropy_min2_0.50,0,12
full_exploratory,entropy_min2_0.50,0,13
full_exploratory,entropy_min2_0.50,1,14
full_exploratory,entropy_min2_0.50,1,15
full_exploratory,entropy_min2_0.50,83,16
full_exploratory,entropy_min2_0.75,0,1
full_exploratory,entropy_min2_0.75,481,2
full_exploratory,entropy_min2_0.75,3,3
full_exploratory,entropy_min2_0.75,5,4
full_exploratory,entropy_min2_0.75,1,5
full_exploratory,entropy_min2_0.75,2,6
full_exploratory,entropy_min2_0.75,1,7
full_exploratory,entropy_min2_0.75,0,8
full_exploratory,entropy_min2_0.75,1,9
full_exploratory,entropy_min2_0.75,1,10
full_exploratory,entropy_min2_0.75,0,11
full_exploratory,entropy_min2_0.75,0,12
full_exploratory,entropy_min2_0.75,0,13
full_exploratory,entropy_min2_0.75,1,14
full_exploratory,entropy_min2_0.75,0,15
full_exploratory,entropy_min2_0.75,4,16
full_exploratory,entropy_min2_1.00,0,1
full_exploratory,entropy_min2_1.00,481,2
full_exploratory,entropy_min2_1.00,3,3
full_exploratory,entropy_min2_1.00,5,4
full_exploratory,entropy_min2_1.00,1,5
full_exploratory,entropy_min2_1.00,2,6
full_exploratory,entropy_min2_1.00,1,7
full_exploratory,entropy_min2_1.00,0,8
full_exploratory,entropy_min2_1.00,1,9
full_exploratory,entropy_min2_1.00,1,10
full_exploratory,entropy_min2_1.00,0,11
full_exploratory,entropy_min2_1.00,0,12
full_exploratory,entropy_min2_1.00,0,13
full_exploratory,entropy_min2_1.00,1,14
full_exploratory,entropy_min2_1.00,0,15
full_exploratory,entropy_min2_1.00,4,16
full_exploratory,entropy_min4_0.00,0,1
full_exploratory,entropy_min4_0.00,0,2
full_exploratory,entropy_min4_0.00,0,3
full_exploratory,entropy_min4_0.00,343,4
full_exploratory,entropy_min4_0.00,1,5
full_exploratory,entropy_min4_0.00,2,6
full_exploratory,entropy_min4_0.00,1,7
full_exploratory,entropy_min4_0.00,0,8
full_exploratory,entropy_min4_0.00,1,9
full_exploratory,entropy_min4_0.00,1,10
full_exploratory,entropy_min4_0.00,0,11
full_exploratory,entropy_min4_0.00,0,12
full_exploratory,entropy_min4_0.00,0,13
full_exploratory,entropy_min4_0.00,1,14
full_exploratory,entropy_min4_0.00,0,15
full_exploratory,entropy_min4_0.00,150,16
full_exploratory,entropy_min4_0.25,0,1
full_exploratory,entropy_min4_0.25,0,2
full_exploratory,entropy_min4_0.25,0,3
full_exploratory,entropy_min4_0.25,343,4
full_exploratory,entropy_min4_0.25,1,5
full_exploratory,entropy_min4_0.25,2,6
full_exploratory,entropy_min4_0.25,1,7
full_exploratory,entropy_min4_0.25,0,8
full_exploratory,entropy_min4_0.25,1,9
full_exploratory,entropy_min4_0.25,1,10
full_exploratory,entropy_min4_0.25,0,11
full_exploratory,entropy_min4_0.25,0,12
full_exploratory,entropy_min4_0.25,0,13
full_exploratory,entropy_min4_0.25,1,14
full_exploratory,entropy_min4_0.25,9,15
full_exploratory,entropy_min4_0.25,141,16
full_exploratory,entropy_min4_0.50,0,1
full_exploratory,entropy_min4_0.50,0,2
full_exploratory,entropy_min4_0.50,0,3
full_exploratory,entropy_min4_0.50,343,4
full_exploratory,entropy_min4_0.50,1,5
full_exploratory,entropy_min4_0.50,26,6
full_exploratory,entropy_min4_0.50,2,7
full_exploratory,entropy_min4_0.50,0,8
full_exploratory,entropy_min4_0.50,1,9
full_exploratory,entropy_min4_0.50,1,10
full_exploratory,entropy_min4_0.50,1,11
full_exploratory,entropy_min4_0.50,1,12
full_exploratory,entropy_min4_0.50,0,13
full_exploratory,entropy_min4_0.50,1,14
full_exploratory,entropy_min4_0.50,1,15
full_exploratory,entropy_min4_0.50,122,16
full_exploratory,entropy_min4_0.75,0,1
full_exploratory,entropy_min4_0.75,0,2
full_exploratory,entropy_min4_0.75,0,3
full_exploratory,entropy_min4_0.75,427,4
full_exploratory,entropy_min4_0.75,1,5
full_exploratory,entropy_min4_0.75,2,6
full_exploratory,entropy_min4_0.75,1,7
full_exploratory,entropy_min4_0.75,0,8
full_exploratory,entropy_min4_0.75,1,9
full_exploratory,entropy_min4_0.75,1,10
full_exploratory,entropy_min4_0.75,0,11
full_exploratory,entropy_min4_0.75,1,12
full_exploratory,entropy_min4_0.75,0,13
full_exploratory,entropy_min4_0.75,1,14
full_exploratory,entropy_min4_0.75,1,15
full_exploratory,entropy_min4_0.75,64,16
full_exploratory,entropy_min4_1.00,0,1
full_exploratory,entropy_min4_1.00,0,2
full_exploratory,entropy_min4_1.00,0,3
full_exploratory,entropy_min4_1.00,427,4
full_exploratory,entropy_min4_1.00,8,5
full_exploratory,entropy_min4_1.00,3,6
full_exploratory,entropy_min4_1.00,11,7
full_exploratory,entropy_min4_1.00,1,8
full_exploratory,entropy_min4_1.00,1,9
full_exploratory,entropy_min4_1.00,1,10
full_exploratory,entropy_min4_1.00,0,11
full_exploratory,entropy_min4_1.00,0,12
full_exploratory,entropy_min4_1.00,0,13
full_exploratory,entropy_min4_1.00,1,14
full_exploratory,entropy_min4_1.00,0,15
full_exploratory,entropy_min4_1.00,47,16
full_exploratory,margin_min2_0.25,0,1
full_exploratory,margin_min2_0.25,386,2
full_exploratory,margin_min2_0.25,54,3
full_exploratory,margin_min2_0.25,23,4
full_exploratory,margin_min2_0.25,3,5
full_exploratory,margin_min2_0.25,5,6
full_exploratory,margin_min2_0.25,3,7
full_exploratory,margin_min2_0.25,4,8
full_exploratory,margin_min2_0.25,1,9
full_exploratory,margin_min2_0.25,1,10
full_exploratory,margin_min2_0.25,0,11
full_exploratory,margin_min2_0.25,0,12
full_exploratory,margin_min2_0.25,0,13
full_exploratory,margin_min2_0.25,2,14
full_exploratory,margin_min2_0.25,0,15
full_exploratory,margin_min2_0.25,18,16
full_exploratory,margin_min2_0.50,0,1
full_exploratory,margin_min2_0.50,386,2
full_exploratory,margin_min2_0.50,3,3
full_exploratory,margin_min2_0.50,35,4
full_exploratory,margin_min2_0.50,1,5
full_exploratory,margin_min2_0.50,4,6
full_exploratory,margin_min2_0.50,1,7
full_exploratory,margin_min2_0.50,1,8
full_exploratory,margin_min2_0.50,1,9
full_exploratory,margin_min2_0.50,5,10
full_exploratory,margin_min2_0.50,1,11
full_exploratory,margin_min2_0.50,0,12
full_exploratory,margin_min2_0.50,0,13
full_exploratory,margin_min2_0.50,4,14
full_exploratory,margin_min2_0.50,0,15
full_exploratory,margin_min2_0.50,58,16
full_exploratory,margin_min2_0.75,0,1
full_exploratory,margin_min2_0.75,386,2
full_exploratory,margin_min2_0.75,3,3
full_exploratory,margin_min2_0.75,5,4
full_exploratory,margin_min2_0.75,1,5
full_exploratory,margin_min2_0.75,2,6
full_exploratory,margin_min2_0.75,1,7
full_exploratory,margin_min2_0.75,7,8
full_exploratory,margin_min2_0.75,3,9
full_exploratory,margin_min2_0.75,1,10
full_exploratory,margin_min2_0.75,0,11
full_exploratory,margin_min2_0.75,2,12
full_exploratory,margin_min2_0.75,0,13
full_exploratory,margin_min2_0.75,1,14
full_exploratory,margin_min2_0.75,0,15
full_exploratory,margin_min2_0.75,88,16
full_exploratory,margin_min2_1.00,0,1
full_exploratory,margin_min2_1.00,386,2
full_exploratory,margin_min2_1.00,3,3
full_exploratory,margin_min2_1.00,5,4
full_exploratory,margin_min2_1.00,1,5
full_exploratory,margin_min2_1.00,2,6
full_exploratory,margin_min2_1.00,1,7
full_exploratory,margin_min2_1.00,0,8
full_exploratory,margin_min2_1.00,1,9
full_exploratory,margin_min2_1.00,1,10
full_exploratory,margin_min2_1.00,0,11
full_exploratory,margin_min2_1.00,0,12
full_exploratory,margin_min2_1.00,0,13
full_exploratory,margin_min2_1.00,1,14
full_exploratory,margin_min2_1.00,0,15
full_exploratory,margin_min2_1.00,99,16
full_exploratory,margin_min4_0.25,0,1
full_exploratory,margin_min4_0.25,0,2
full_exploratory,margin_min4_0.25,0,3
full_exploratory,margin_min4_0.25,442,4
full_exploratory,margin_min4_0.25,3,5
full_exploratory,margin_min4_0.25,9,6
full_exploratory,margin_min4_0.25,7,7
full_exploratory,margin_min4_0.25,7,8
full_exploratory,margin_min4_0.25,1,9
full_exploratory,margin_min4_0.25,2,10
full_exploratory,margin_min4_0.25,2,11
full_exploratory,margin_min4_0.25,2,12
full_exploratory,margin_min4_0.25,0,13
full_exploratory,margin_min4_0.25,3,14
full_exploratory,margin_min4_0.25,0,15
full_exploratory,margin_min4_0.25,22,16
full_exploratory,margin_min4_0.50,0,1
full_exploratory,margin_min4_0.50,0,2
full_exploratory,margin_min4_0.50,0,3
full_exploratory,margin_min4_0.50,394,4
full_exploratory,margin_min4_0.50,3,5
full_exploratory,margin_min4_0.50,8,6
full_exploratory,margin_min4_0.50,2,7
full_exploratory,margin_min4_0.50,3,8
full_exploratory,margin_min4_0.50,1,9
full_exploratory,margin_min4_0.50,5,10
full_exploratory,margin_min4_0.50,2,11
full_exploratory,margin_min4_0.50,0,12
full_exploratory,margin_min4_0.50,0,13
full_exploratory,margin_min4_0.50,5,14
full_exploratory,margin_min4_0.50,0,15
full_exploratory,margin_min4_0.50,77,16
full_exploratory,margin_min4_0.75,0,1
full_exploratory,margin_min4_0.75,0,2
full_exploratory,margin_min4_0.75,0,3
full_exploratory,margin_min4_0.75,343,4
full_exploratory,margin_min4_0.75,1,5
full_exploratory,margin_min4_0.75,2,6
full_exploratory,margin_min4_0.75,1,7
full_exploratory,margin_min4_0.75,15,8
full_exploratory,margin_min4_0.75,3,9
full_exploratory,margin_min4_0.75,1,10
full_exploratory,margin_min4_0.75,0,11
full_exploratory,margin_min4_0.75,2,12
full_exploratory,margin_min4_0.75,0,13
full_exploratory,margin_min4_0.75,1,14
full_exploratory,margin_min4_0.75,0,15
full_exploratory,margin_min4_0.75,131,16
full_exploratory,margin_min4_1.00,0,1
full_exploratory,margin_min4_1.00,0,2
full_exploratory,margin_min4_1.00,0,3
full_exploratory,margin_min4_1.00,343,4
full_exploratory,margin_min4_1.00,1,5
full_exploratory,margin_min4_1.00,2,6
full_exploratory,margin_min4_1.00,1,7
full_exploratory,margin_min4_1.00,0,8
full_exploratory,margin_min4_1.00,1,9
full_exploratory,margin_min4_1.00,1,10
full_exploratory,margin_min4_1.00,0,11
full_exploratory,margin_min4_1.00,0,12
full_exploratory,margin_min4_1.00,0,13
full_exploratory,margin_min4_1.00,1,14
full_exploratory,margin_min4_1.00,0,15
full_exploratory,margin_min4_1.00,150,16
full_exploratory,stability_k2,0,1
full_exploratory,stability_k2,466,2
full_exploratory,stability_k2,15,3
full_exploratory,stability_k2,3,4
full_exploratory,stability_k2,5,5
full_exploratory,stability_k2,1,6
full_exploratory,stability_k2,2,7
full_exploratory,stability_k2,1,8
full_exploratory,stability_k2,0,9
full_exploratory,stability_k2,1,10
full_exploratory,stability_k2,1,11
full_exploratory,stability_k2,0,12
full_exploratory,stability_k2,0,13
full_exploratory,stability_k2,0,14
full_exploratory,stability_k2,1,15
full_exploratory,stability_k2,4,16
full_exploratory,stability_k3,0,1
full_exploratory,stability_k3,0,2
full_exploratory,stability_k3,451,3
full_exploratory,stability_k3,15,4
full_exploratory,stability_k3,15,5
full_exploratory,stability_k3,6,6
full_exploratory,stability_k3,1,7
full_exploratory,stability_k3,3,8
full_exploratory,stability_k3,1,9
full_exploratory,stability_k3,0,10
full_exploratory,stability_k3,2,11
full_exploratory,stability_k3,1,12
full_exploratory,stability_k3,0,13
full_exploratory,stability_k3,0,14
full_exploratory,stability_k3,0,15
full_exploratory,stability_k3,5,16
full_exploratory,stability_k4,0,1
full_exploratory,stability_k4,0,2
full_exploratory,stability_k4,0,3
full_exploratory,stability_k4,435,4
full_exploratory,stability_k4,15,5
full_exploratory,stability_k4,14,6
full_exploratory,stability_k4,15,7
full_exploratory,stability_k4,3,8
full_exploratory,stability_k4,4,9
full_exploratory,stability_k4,3,10
full_exploratory,stability_k4,0,11
full_exploratory,stability_k4,3,12
full_exploratory,stability_k4,1,13
full_exploratory,stability_k4,0,14
full_exploratory,stability_k4,1,15
full_exploratory,stability_k4,6,16
full_exploratory,stability_k5,0,1
full_exploratory,stability_k5,0,2
full_exploratory,stability_k5,0,3
full_exploratory,stability_k5,0,4
full_exploratory,stability_k5,419,5
full_exploratory,stability_k5,15,6
full_exploratory,stability_k5,14,7
full_exploratory,stability_k5,14,8
full_exploratory,stability_k5,11,9
full_exploratory,stability_k5,7,10
full_exploratory,stability_k5,4,11
full_exploratory,stability_k5,1,12
full_exploratory,stability_k5,4,13
full_exploratory,stability_k5,1,14
full_exploratory,stability_k5,1,15
full_exploratory,stability_k5,9,16
held_out_test,holdout_consensus_min2_0.60,0,1
held_out_test,holdout_consensus_min2_0.60,73,2
held_out_test,holdout_consensus_min2_0.60,12,3
held_out_test,holdout_consensus_min2_0.60,3,4
held_out_test,holdout_consensus_min2_0.60,0,5
held_out_test,holdout_consensus_min2_0.60,0,6
held_out_test,holdout_consensus_min2_0.60,0,7
held_out_test,holdout_consensus_min2_0.60,0,8
held_out_test,holdout_consensus_min2_0.60,1,9
held_out_test,holdout_consensus_min2_0.60,1,10
held_out_test,holdout_consensus_min2_0.60,0,11
held_out_test,holdout_consensus_min2_0.60,0,12
held_out_test,holdout_consensus_min2_0.60,0,13
held_out_test,holdout_consensus_min2_0.60,0,14
held_out_test,holdout_consensus_min2_0.60,0,15
held_out_test,holdout_consensus_min2_0.60,10,16
held_out_test,holdout_entropy_min2_0.50,0,1
held_out_test,holdout_entropy_min2_0.50,73,2
held_out_test,holdout_entropy_min2_0.50,2,3
held_out_test,holdout_entropy_min2_0.50,3,4
held_out_test,holdout_entropy_min2_0.50,0,5
held_out_test,holdout_entropy_min2_0.50,1,6
held_out_test,holdout_entropy_min2_0.50,0,7
held_out_test,holdout_entropy_min2_0.50,0,8
held_out_test,holdout_entropy_min2_0.50,1,9
held_out_test,holdout_entropy_min2_0.50,0,10
held_out_test,holdout_entropy_min2_0.50,0,11
held_out_test,holdout_entropy_min2_0.50,0,12
held_out_test,holdout_entropy_min2_0.50,0,13
held_out_test,holdout_entropy_min2_0.50,0,14
held_out_test,holdout_entropy_min2_0.50,0,15
held_out_test,holdout_entropy_min2_0.50,20,16
held_out_test,holdout_margin_min2_0.50,0,1
held_out_test,holdout_margin_min2_0.50,73,2
held_out_test,holdout_margin_min2_0.50,2,3
held_out_test,holdout_margin_min2_0.50,8,4
held_out_test,holdout_margin_min2_0.50,0,5
held_out_test,holdout_margin_min2_0.50,0,6
held_out_test,holdout_margin_min2_0.50,0,7
held_out_test,holdout_margin_min2_0.50,1,8
held_out_test,holdout_margin_min2_0.50,1,9
held_out_test,holdout_margin_min2_0.50,0,10
held_out_test,holdout_margin_min2_0.50,1,11
held_out_test,holdout_margin_min2_0.50,0,12
held_out_test,holdout_margin_min2_0.50,0,13
held_out_test,holdout_margin_min2_0.50,1,14
held_out_test,holdout_margin_min2_0.50,0,15
held_out_test,holdout_margin_min2_0.50,13,16
held_out_test,holdout_stability_k5,0,1
held_out_test,holdout_stability_k5,0,2
held_out_test,holdout_stability_k5,0,3
held_out_test,holdout_stability_k5,0,4
held_out_test,holdout_stability_k5,85,5
held_out_test,holdout_stability_k5,2,6
held_out_test,holdout_stability_k5,3,7
held_out_test,holdout_stability_k5,3,8
held_out_test,holdout_stability_k5,1,9
held_out_test,holdout_stability_k5,2,10
held_out_test,holdout_stability_k5,0,11
held_out_test,holdout_stability_k5,1,12
held_out_test,holdout_stability_k5,2,13
held_out_test,holdout_stability_k5,0,14
held_out_test,holdout_stability_k5,0,15
held_out_test,holdout_stability_k5,1,16
