accuracy,accuracy_difference_vs_n16_pp,adaptive_only_correct,both_correct,both_wrong,calibration,compute_reduction_vs_n16_pct,hyperparameters,lambda_compute,lambda_error,mean_samples,mean_tokens,median_samples,missed_recoveries,model,n16_only_correct,n_questions,outer_fold,pareto_efficient_samples,pareto_efficient_tokens,policy_id,policy_type,premature_stop_errors,regressions_avoided,schedule,scope,selected_on,selected_parameter,selected_tau,start_prefix,threshold_selection_rule,total_samples,total_tokens,variant
0.69,-8.0,1,68,22,,93.64736522417415,,,,1.0,588.82,1.0,9,none,9,100,1,,,fixed_n1,fixed,31,1,,outer_fold,predefined,,,,,100,58882,
0.71,-6.0,1,70,22,,87.33659081812209,,,,2.0,1173.76,2.0,7,none,7,100,1,,,fixed_n2,fixed,29,1,,outer_fold,predefined,,,,,200,117376,
0.74,-3.0,2,72,21,,74.81602475371969,,,,4.0,2334.28,4.0,5,none,5,100,1,,,fixed_n4,fixed,26,2,,outer_fold,predefined,,,,,400,233428,
0.79,2.0,4,75,19,,49.72904041575546,,,,8.0,4659.57,8.0,2,none,2,100,1,,,fixed_n8,fixed,21,4,,outer_fold,predefined,,,,,800,465957,
0.77,0.0,0,77,23,,0.0,,,,16.0,9268.91,16.0,0,none,0,100,1,,,fixed_n16,fixed,0,0,,outer_fold,predefined,,,,,1600,926891,
0.79,2.0,2,77,21,,69.77886288679036,,,,4.02,2801.17,2.0,0,none,0,100,1,,,simple_consensus,simple_threshold,15,2,,outer_fold,outer_training_only,consensus_min2_0.70,,,,402,280117,
0.78,1.0,1,77,22,,53.634030322875084,,,,6.62,4297.62,4.0,0,none,0,100,1,,,simple_entropy,simple_threshold,12,1,,outer_fold,outer_training_only,entropy_min4_0.50,,,,662,429762,
0.79,2.0,2,77,21,,70.55220085209588,,,,3.95,2729.49,2.0,0,none,0,100,1,,,simple_margin,simple_threshold,15,2,,outer_fold,outer_training_only,margin_min2_0.50,,,,395,272949,
0.74,-3.0,2,72,21,,83.03112232182642,,,,2.41,1572.83,2.0,5,none,5,100,1,,,simple_stability,simple_threshold,25,2,,outer_fold,outer_training_only,stability_k2,,,,241,157283,
0.77,0.0,0,77,23,uncalibrated,52.6808438101136,C=0.1;class_weight=balanced;penalty=l1,1,10,6.29,4385.97,4.0,0,logistic,0,100,1,,,logistic_start2_every_sample_selected,learned,11,0,every_sample,outer_fold,,,0.3,2,inner_accuracy_within_1pp_of_n16_then_min_mean_samples,629,438597,selected
0.78,1.0,2,76,21,uncalibrated,73.7064012920613,C=0.1;class_weight=balanced;penalty=l1,1,1,3.54,2437.13,2.0,1,logistic,1,100,1,,,logistic_start2_every_sample_lambda1,learned,20,2,every_sample,outer_fold,,,0.7,2,inner_accuracy_within_1pp_of_n16_then_min_mean_samples,354,243713,lambda1
0.78,1.0,2,76,21,uncalibrated,73.7064012920613,C=0.1;class_weight=balanced;penalty=l1,1,2,3.54,2437.13,2.0,1,logistic,1,100,1,,,logistic_start2_every_sample_lambda2,learned,20,2,every_sample,outer_fold,,,0.7,2,inner_accuracy_within_1pp_of_n16_then_min_mean_samples,354,243713,lambda2
0.78,1.0,2,76,21,uncalibrated,73.7064012920613,C=0.1;class_weight=balanced;penalty=l1,1,5,3.54,2437.13,2.0,1,logistic,1,100,1,,,logistic_start2_every_sample_lambda5,learned,20,2,every_sample,outer_fold,,,0.7,2,inner_accuracy_within_1pp_of_n16_then_min_mean_samples,354,243713,lambda5
0.77,0.0,0,77,23,uncalibrated,52.6808438101136,C=0.1;class_weight=balanced;penalty=l1,1,10,6.29,4385.97,4.0,0,logistic,0,100,1,,,logistic_start2_every_sample_lambda10,learned,11,0,every_sample,outer_fold,,,0.3,2,inner_accuracy_within_1pp_of_n16_then_min_mean_samples,629,438597,lambda10
0.77,0.0,0,77,23,uncalibrated,45.39692369437183,C=0.1;class_weight=balanced;penalty=l1,1,10,7.4,5061.11,4.0,0,logistic,0,100,1,,,logistic_start2_checkpoint_selected,learned,9,0,checkpoint,outer_fold,,,0.3,2,inner_accuracy_within_1pp_of_n16_then_min_mean_samples,740,506111,selected
0.78,1.0,2,76,21,uncalibrated,68.84164373157145,C=0.1;class_weight=balanced;penalty=l1,1,1,4.06,2888.04,2.0,1,logistic,1,100,1,,,logistic_start2_checkpoint_lambda1,learned,15,2,checkpoint,outer_fold,,,0.7,2,inner_accuracy_within_1pp_of_n16_then_min_mean_samples,406,288804,lambda1
0.78,1.0,2,76,21,uncalibrated,68.84164373157145,C=0.1;class_weight=balanced;penalty=l1,1,2,4.06,2888.04,2.0,1,logistic,1,100,1,,,logistic_start2_checkpoint_lambda2,learned,15,2,checkpoint,outer_fold,,,0.7,2,inner_accuracy_within_1pp_of_n16_then_min_mean_samples,406,288804,lambda2
0.78,1.0,2,76,21,uncalibrated,68.84164373157145,C=0.1;class_weight=balanced;penalty=l1,1,5,4.06,2888.04,2.0,1,logistic,1,100,1,,,logistic_start2_checkpoint_lambda5,learned,15,2,checkpoint,outer_fold,,,0.7,2,inner_accuracy_within_1pp_of_n16_then_min_mean_samples,406,288804,lambda5
0.77,0.0,0,77,23,uncalibrated,45.39692369437183,C=0.1;class_weight=balanced;penalty=l1,1,10,7.4,5061.11,4.0,0,logistic,0,100,1,,,logistic_start2_checkpoint_lambda10,learned,9,0,checkpoint,outer_fold,,,0.3,2,inner_accuracy_within_1pp_of_n16_then_min_mean_samples,740,506111,lambda10
0.77,0.0,1,76,22,uncalibrated,60.42997504560946,C=0.1;class_weight=balanced;penalty=l1,1,10,5.67,3667.71,4.0,1,logistic,1,100,1,,,logistic_start4_every_sample_selected,learned,18,1,every_sample,outer_fold,,,0.5,4,inner_accuracy_within_1pp_of_n16_then_min_mean_samples,567,366771,selected
0.78,1.0,2,76,21,uncalibrated,64.23603206849565,C=0.1;class_weight=balanced;penalty=l1,1,1,5.16,3314.93,4.0,1,logistic,1,100,1,,,logistic_start4_every_sample_lambda1,learned,20,2,every_sample,outer_fold,,,0.7,4,inner_accuracy_within_1pp_of_n16_then_min_mean_samples,516,331493,lambda1
0.78,1.0,2,76,21,uncalibrated,64.23603206849565,C=0.1;class_weight=balanced;penalty=l1,1,2,5.16,3314.93,4.0,1,logistic,1,100,1,,,logistic_start4_every_sample_lambda2,learned,20,2,every_sample,outer_fold,,,0.7,4,inner_accuracy_within_1pp_of_n16_then_min_mean_samples,516,331493,lambda2
0.77,0.0,1,76,22,uncalibrated,60.42997504560946,C=0.1;class_weight=balanced;penalty=l1,1,5,5.67,3667.71,4.0,1,logistic,1,100,1,,,logistic_start4_every_sample_lambda5,learned,18,1,every_sample,outer_fold,,,0.5,4,inner_accuracy_within_1pp_of_n16_then_min_mean_samples,567,366771,lambda5
0.77,0.0,1,76,22,uncalibrated,60.42997504560946,C=0.1;class_weight=balanced;penalty=l1,1,10,5.67,3667.71,4.0,1,logistic,1,100,1,,,logistic_start4_every_sample_lambda10,learned,18,1,every_sample,outer_fold,,,0.5,4,inner_accuracy_within_1pp_of_n16_then_min_mean_samples,567,366771,lambda10
0.77,0.0,0,77,23,uncalibrated,50.43818528823778,C=0.1;class_weight=balanced;penalty=l1,1,10,6.88,4593.84,4.0,0,logistic,0,100,1,,,logistic_start4_checkpoint_selected,learned,12,0,checkpoint,outer_fold,,,0.4,4,inner_accuracy_within_1pp_of_n16_then_min_mean_samples,688,459384,selected
0.78,1.0,2,76,21,uncalibrated,58.72459652753128,C=0.1;class_weight=balanced;penalty=l1,1,1,5.76,3825.78,4.0,1,logistic,1,100,1,,,logistic_start4_checkpoint_lambda1,learned,14,2,checkpoint,outer_fold,,,0.7,4,inner_accuracy_within_1pp_of_n16_then_min_mean_samples,576,382578,lambda1
0.78,1.0,2,76,21,uncalibrated,58.72459652753128,C=0.1;class_weight=balanced;penalty=l1,1,2,5.76,3825.78,4.0,1,logistic,1,100,1,,,logistic_start4_checkpoint_lambda2,learned,14,2,checkpoint,outer_fold,,,0.7,4,inner_accuracy_within_1pp_of_n16_then_min_mean_samples,576,382578,lambda2
0.78,1.0,2,76,21,uncalibrated,58.72459652753128,C=0.1;class_weight=balanced;penalty=l1,1,5,5.76,3825.78,4.0,1,logistic,1,100,1,,,logistic_start4_checkpoint_lambda5,learned,14,2,checkpoint,outer_fold,,,0.7,4,inner_accuracy_within_1pp_of_n16_then_min_mean_samples,576,382578,lambda5
0.77,0.0,0,77,23,uncalibrated,50.43818528823778,C=0.1;class_weight=balanced;penalty=l1,1,10,6.88,4593.84,4.0,0,logistic,0,100,1,,,logistic_start4_checkpoint_lambda10,learned,12,0,checkpoint,outer_fold,,,0.4,4,inner_accuracy_within_1pp_of_n16_then_min_mean_samples,688,459384,lambda10
0.77,0.0,0,77,23,uncalibrated,50.18572841898346,class_weight=balanced;l2_regularization=1.0;learning_rate=0.05;max_leaf_nodes=7,1,10,6.76,4617.24,4.0,0,histgb,0,100,1,,,histgb_start2_every_sample_selected,learned,12,0,every_sample,outer_fold,,,0.075,2,inner_accuracy_within_1pp_of_n16_then_min_mean_samples,676,461724,selected
0.8,3.0,3,77,20,uncalibrated,74.21530686995558,class_weight=balanced;l2_regularization=1.0;learning_rate=0.05;max_leaf_nodes=7,1,1,3.45,2389.96,2.0,0,histgb,0,100,1,,,histgb_start2_every_sample_lambda1,learned,18,3,every_sample,outer_fold,,,0.7,2,inner_accuracy_within_1pp_of_n16_then_min_mean_samples,345,238996,lambda1
0.8,3.0,3,77,20,uncalibrated,74.21530686995558,class_weight=balanced;l2_regularization=1.0;learning_rate=0.05;max_leaf_nodes=7,1,2,3.45,2389.96,2.0,0,histgb,0,100,1,,,histgb_start2_every_sample_lambda2,learned,18,3,every_sample,outer_fold,,,0.7,2,inner_accuracy_within_1pp_of_n16_then_min_mean_samples,345,238996,lambda2
0.78,1.0,1,77,22,uncalibrated,67.07218000822104,class_weight=balanced;l2_regularization=1.0;learning_rate=0.05;max_leaf_nodes=7,1,5,4.33,3052.05,2.0,0,histgb,0,100,1,,,histgb_start2_every_sample_lambda5,learned,19,1,every_sample,outer_fold,,,0.5,2,inner_accuracy_within_1pp_of_n16_then_min_mean_samples,433,305205,lambda5
0.77,0.0,0,77,23,uncalibrated,50.18572841898346,class_weight=balanced;l2_regularization=1.0;learning_rate=0.05;max_leaf_nodes=7,1,10,6.76,4617.24,4.0,0,histgb,0,100,1,,,histgb_start2_every_sample_lambda10,learned,12,0,every_sample,outer_fold,,,0.075,2,inner_accuracy_within_1pp_of_n16_then_min_mean_samples,676,461724,lambda10
0.77,0.0,0,77,23,uncalibrated,47.97985955198616,class_weight=balanced;l2_regularization=1.0;learning_rate=0.05;max_leaf_nodes=7,1,10,7.16,4821.7,4.0,0,histgb,0,100,1,,,histgb_start2_checkpoint_selected,learned,10,0,checkpoint,outer_fold,,,0.15,2,inner_accuracy_within_1pp_of_n16_then_min_mean_samples,716,482170,selected
0.8,3.0,3,77,20,uncalibrated,68.29454596063616,class_weight=balanced;l2_regularization=1.0;learning_rate=0.05;max_leaf_nodes=7,1,1,4.08,2938.75,2.0,0,histgb,0,100,1,,,histgb_start2_checkpoint_lambda1,learned,14,3,checkpoint,outer_fold,,,0.7,2,inner_accuracy_within_1pp_of_n16_then_min_mean_samples,408,293875,lambda1
0.8,3.0,3,77,20,uncalibrated,68.29454596063616,class_weight=balanced;l2_regularization=1.0;learning_rate=0.05;max_leaf_nodes=7,1,2,4.08,2938.75,2.0,0,histgb,0,100,1,,,histgb_start2_checkpoint_lambda2,learned,14,3,checkpoint,outer_fold,,,0.7,2,inner_accuracy_within_1pp_of_n16_then_min_mean_samples,408,293875,lambda2
0.8,3.0,3,77,20,uncalibrated,68.29454596063616,class_weight=balanced;l2_regularization=1.0;learning_rate=0.05;max_leaf_nodes=7,1,5,4.08,2938.75,2.0,0,histgb,0,100,1,,,histgb_start2_checkpoint_lambda5,learned,14,3,checkpoint,outer_fold,,,0.7,2,inner_accuracy_within_1pp_of_n16_then_min_mean_samples,408,293875,lambda5
0.77,0.0,0,77,23,uncalibrated,47.97985955198616,class_weight=balanced;l2_regularization=1.0;learning_rate=0.05;max_leaf_nodes=7,1,10,7.16,4821.7,4.0,0,histgb,0,100,1,,,histgb_start2_checkpoint_lambda10,learned,10,0,checkpoint,outer_fold,,,0.15,2,inner_accuracy_within_1pp_of_n16_then_min_mean_samples,716,482170,lambda10
0.77,0.0,0,77,23,uncalibrated,49.70196064046366,class_weight=balanced;l2_regularization=1.0;learning_rate=0.05;max_leaf_nodes=7,1,10,6.89,4662.08,4.0,0,histgb,0,100,1,,,histgb_start4_every_sample_selected,learned,12,0,every_sample,outer_fold,,,0.075,4,inner_accuracy_within_1pp_of_n16_then_min_mean_samples,689,466208,selected
0.8,3.0,3,77,20,uncalibrated,66.12115124647882,class_weight=balanced;l2_regularization=1.0;learning_rate=0.05;max_leaf_nodes=7,1,1,4.94,3140.2,4.0,0,histgb,0,100,1,,,histgb_start4_every_sample_lambda1,learned,18,3,every_sample,outer_fold,,,0.7,4,inner_accuracy_within_1pp_of_n16_then_min_mean_samples,494,314020,lambda1
0.8,3.0,3,77,20,uncalibrated,66.12115124647882,class_weight=balanced;l2_regularization=1.0;learning_rate=0.05;max_leaf_nodes=7,1,2,4.94,3140.2,4.0,0,histgb,0,100,1,,,histgb_start4_every_sample_lambda2,learned,18,3,every_sample,outer_fold,,,0.7,4,inner_accuracy_within_1pp_of_n16_then_min_mean_samples,494,314020,lambda2
0.77,0.0,0,77,23,uncalibrated,59.808650639611336,class_weight=balanced;l2_regularization=1.0;learning_rate=0.05;max_leaf_nodes=7,1,5,5.74,3725.3,4.0,0,histgb,0,100,1,,,histgb_start4_every_sample_lambda5,learned,20,0,every_sample,outer_fold,,,0.5,4,inner_accuracy_within_1pp_of_n16_then_min_mean_samples,574,372530,lambda5
0.77,0.0,0,77,23,uncalibrated,49.70196064046366,class_weight=balanced;l2_regularization=1.0;learning_rate=0.05;max_leaf_nodes=7,1,10,6.89,4662.08,4.0,0,histgb,0,100,1,,,histgb_start4_every_sample_lambda10,learned,12,0,every_sample,outer_fold,,,0.075,4,inner_accuracy_within_1pp_of_n16_then_min_mean_samples,689,466208,lambda10
0.77,0.0,0,77,23,uncalibrated,47.97985955198616,class_weight=balanced;l2_regularization=1.0;learning_rate=0.05;max_leaf_nodes=7,1,10,7.16,4821.7,4.0,0,histgb,0,100,1,,,histgb_start4_checkpoint_selected,learned,10,0,checkpoint,outer_fold,,,0.15,4,inner_accuracy_within_1pp_of_n16_then_min_mean_samples,716,482170,selected
0.8,3.0,3,77,20,uncalibrated,60.331905261783746,class_weight=balanced;l2_regularization=1.0;learning_rate=0.05;max_leaf_nodes=7,1,1,5.56,3676.8,4.0,0,histgb,0,100,1,,,histgb_start4_checkpoint_lambda1,learned,14,3,checkpoint,outer_fold,,,0.7,4,inner_accuracy_within_1pp_of_n16_then_min_mean_samples,556,367680,lambda1
0.8,3.0,3,77,20,uncalibrated,60.331905261783746,class_weight=balanced;l2_regularization=1.0;learning_rate=0.05;max_leaf_nodes=7,1,2,5.56,3676.8,4.0,0,histgb,0,100,1,,,histgb_start4_checkpoint_lambda2,learned,14,3,checkpoint,outer_fold,,,0.7,4,inner_accuracy_within_1pp_of_n16_then_min_mean_samples,556,367680,lambda2
0.8,3.0,3,77,20,uncalibrated,60.331905261783746,class_weight=balanced;l2_regularization=1.0;learning_rate=0.05;max_leaf_nodes=7,1,5,5.56,3676.8,4.0,0,histgb,0,100,1,,,histgb_start4_checkpoint_lambda5,learned,14,3,checkpoint,outer_fold,,,0.7,4,inner_accuracy_within_1pp_of_n16_then_min_mean_samples,556,367680,lambda5
0.77,0.0,0,77,23,uncalibrated,47.97985955198616,class_weight=balanced;l2_regularization=1.0;learning_rate=0.05;max_leaf_nodes=7,1,10,7.16,4821.7,4.0,0,histgb,0,100,1,,,histgb_start4_checkpoint_lambda10,learned,10,0,checkpoint,outer_fold,,,0.15,4,inner_accuracy_within_1pp_of_n16_then_min_mean_samples,716,482170,lambda10
0.79,-7.0,1,78,13,,93.68368973035788,,,,1.0,548.96,1.0,8,none,8,100,2,,,fixed_n1,fixed,21,1,,outer_fold,predefined,,,,,100,54896,
0.8,-6.0,1,79,13,,87.27038424144101,,,,2.0,1106.35,2.0,7,none,7,100,2,,,fixed_n2,fixed,20,1,,outer_fold,predefined,,,,,200,110635,
0.82,-4.0,1,81,13,,74.78803150331083,,,,4.0,2191.21,4.0,5,none,5,100,2,,,fixed_n4,fixed,18,1,,outer_fold,predefined,,,,,400,219121,
0.87,1.0,1,86,13,,50.04320486932109,,,,8.0,4341.82,8.0,0,none,0,100,2,,,fixed_n8,fixed,13,1,,outer_fold,predefined,,,,,800,434182,
0.86,0.0,0,86,14,,0.0,,,,16.0,8691.15,16.0,0,none,0,100,2,,,fixed_n16,fixed,0,0,,outer_fold,predefined,,,,,1600,869115,
0.85,-1.0,0,85,14,,71.41160836022851,,,,4.02,2484.66,2.0,1,none,1,100,2,,,simple_consensus,simple_threshold,8,0,,outer_fold,outer_training_only,consensus_min2_0.70,,,,402,248466,
0.85,-1.0,0,85,14,,69.62933558850095,,,,4.25,2639.56,2.0,1,none,1,100,2,,,simple_entropy,simple_threshold,8,0,,outer_fold,outer_training_only,entropy_min2_0.50,,,,425,263956,
0.85,-1.0,0,85,14,,73.08353900231846,,,,3.84,2339.35,2.0,1,none,1,100,2,,,simple_margin,simple_threshold,8,0,,outer_fold,outer_training_only,margin_min2_0.50,,,,384,233935,
0.81,-5.0,1,80,13,,84.8741535930228,,,,2.21,1314.61,2.0,6,none,6,100,2,,,simple_stability,simple_threshold,18,1,,outer_fold,outer_training_only,stability_k2,,,,221,131461,
0.85,-1.0,0,85,14,sigmoid,73.83694908038638,C=0.1;class_weight=None;penalty=l1,1,10,3.73,2273.87,2.0,1,logistic,1,100,2,,,logistic_start2_every_sample_selected,learned,12,0,every_sample,outer_fold,,,0.03,2,inner_accuracy_within_1pp_of_n16_then_min_mean_samples,373,227387,selected
0.82,-4.0,1,81,13,sigmoid,83.97093595208919,C=0.1;class_weight=None;penalty=l1,1,1,2.35,1393.11,2.0,5,logistic,5,100,2,,,logistic_start2_every_sample_lambda1,learned,17,1,every_sample,outer_fold,,,0.3,2,inner_accuracy_within_1pp_of_n16_then_min_mean_samples,235,139311,lambda1
0.82,-4.0,1,81,13,sigmoid,83.97093595208919,C=0.1;class_weight=None;penalty=l1,1,2,2.35,1393.11,2.0,5,logistic,5,100,2,,,logistic_start2_every_sample_lambda2,learned,17,1,every_sample,outer_fold,,,0.3,2,inner_accuracy_within_1pp_of_n16_then_min_mean_samples,235,139311,lambda2
0.86,0.0,1,85,13,sigmoid,79.42320636509552,C=0.1;class_weight=None;penalty=l1,1,5,2.99,1788.36,2.0,1,logistic,1,100,2,,,logistic_start2_every_sample_lambda5,learned,13,1,every_sample,outer_fold,,,0.1,2,inner_accuracy_within_1pp_of_n16_then_min_mean_samples,299,178836,lambda5
0.85,-1.0,0,85,14,sigmoid,73.83694908038638,C=0.1;class_weight=None;penalty=l1,1,10,3.73,2273.87,2.0,1,logistic,1,100,2,,,logistic_start2_every_sample_lambda10,learned,12,0,every_sample,outer_fold,,,0.03,2,inner_accuracy_within_1pp_of_n16_then_min_mean_samples,373,227387,lambda10
0.85,-1.0,0,85,14,sigmoid,70.41231597659689,C=0.1;class_weight=None;penalty=l1,1,10,4.18,2571.51,2.0,1,logistic,1,100,2,,,logistic_start2_checkpoint_selected,learned,8,0,checkpoint,outer_fold,,,0.05,2,inner_accuracy_within_1pp_of_n16_then_min_mean_samples,418,257151,selected
0.81,-5.0,1,80,13,sigmoid,84.94767665959051,C=0.1;class_weight=None;penalty=l1,1,1,2.2,1308.22,2.0,6,logistic,6,100,2,,,logistic_start2_checkpoint_lambda1,learned,18,1,checkpoint,outer_fold,,,0.4,2,inner_accuracy_within_1pp_of_n16_then_min_mean_samples,220,130822,lambda1
0.83,-3.0,1,82,13,sigmoid,82.62163235014928,C=0.1;class_weight=None;penalty=l1,1,2,2.54,1510.38,2.0,4,logistic,4,100,2,,,logistic_start2_checkpoint_lambda2,learned,16,1,checkpoint,outer_fold,,,0.3,2,inner_accuracy_within_1pp_of_n16_then_min_mean_samples,254,151038,lambda2
0.84,-2.0,1,83,13,sigmoid,80.70370434292356,C=0.1;class_weight=None;penalty=l1,1,5,2.82,1677.07,2.0,3,logistic,3,100,2,,,logistic_start2_checkpoint_lambda5,learned,15,1,checkpoint,outer_fold,,,0.2,2,inner_accuracy_within_1pp_of_n16_then_min_mean_samples,282,167707,lambda5
0.85,-1.0,0,85,14,sigmoid,70.41231597659689,C=0.1;class_weight=None;penalty=l1,1,10,4.18,2571.51,2.0,1,logistic,1,100,2,,,logistic_start2_checkpoint_lambda10,learned,8,0,checkpoint,outer_fold,,,0.05,2,inner_accuracy_within_1pp_of_n16_then_min_mean_samples,418,257151,lambda10
0.82,-4.0,1,81,13,sigmoid,71.44382504041468,C=0.1;class_weight=None;penalty=l1,1,2,4.34,2481.86,4.0,5,logistic,5,100,2,,,logistic_start4_every_sample_selected,learned,17,1,every_sample,outer_fold,,,0.15,4,inner_accuracy_within_1pp_of_n16_then_min_mean_samples,434,248186,selected
0.83,-3.0,1,82,13,sigmoid,73.1722499324025,C=0.1;class_weight=None;penalty=l1,1,1,4.14,2331.64,4.0,4,logistic,4,100,2,,,logistic_start4_every_sample_lambda1,learned,16,1,every_sample,outer_fold,,,0.4,4,inner_accuracy_within_1pp_of_n16_then_min_mean_samples,414,233164,lambda1
0.82,-4.0,1,81,13,sigmoid,71.44382504041468,C=0.1;class_weight=None;penalty=l1,1,2,4.34,2481.86,4.0,5,logistic,5,100,2,,,logistic_start4_every_sample_lambda2,learned,17,1,every_sample,outer_fold,,,0.15,4,inner_accuracy_within_1pp_of_n16_then_min_mean_samples,434,248186,lambda2
0.86,0.0,1,85,13,sigmoid,68.43593770674768,C=0.1;class_weight=None;penalty=l1,1,5,4.74,2743.28,4.0,1,logistic,1,100,2,,,logistic_start4_every_sample_lambda5,learned,13,1,every_sample,outer_fold,,,0.1,4,inner_accuracy_within_1pp_of_n16_then_min_mean_samples,474,274328,lambda5
0.86,0.0,0,86,14,sigmoid,60.4902688366902,C=0.1;class_weight=None;penalty=l1,1,10,5.8,3433.85,4.0,0,logistic,0,100,2,,,logistic_start4_every_sample_lambda10,learned,10,0,every_sample,outer_fold,,,0.03,4,inner_accuracy_within_1pp_of_n16_then_min_mean_samples,580,343385,lambda10
0.84,-2.0,1,83,13,sigmoid,70.19013594288444,C=0.1;class_weight=None;penalty=l1,1,5,4.52,2590.82,4.0,3,logistic,3,100,2,,,logistic_start4_checkpoint_selected,learned,15,1,checkpoint,outer_fold,,,0.2,4,inner_accuracy_within_1pp_of_n16_then_min_mean_samples,452,259082,selected
0.83,-3.0,1,82,13,sigmoid,72.93660792875511,C=0.1;class_weight=None;penalty=l1,1,1,4.16,2352.12,4.0,4,logistic,4,100,2,,,logistic_start4_checkpoint_lambda1,learned,16,1,checkpoint,outer_fold,,,0.3,4,inner_accuracy_within_1pp_of_n16_then_min_mean_samples,416,235212,lambda1
0.84,-2.0,1,83,13,sigmoid,70.19013594288444,C=0.1;class_weight=None;penalty=l1,1,2,4.52,2590.82,4.0,3,logistic,3,100,2,,,logistic_start4_checkpoint_lambda2,learned,15,1,checkpoint,outer_fold,,,0.2,4,inner_accuracy_within_1pp_of_n16_then_min_mean_samples,452,259082,lambda2
0.84,-2.0,1,83,13,sigmoid,70.19013594288444,C=0.1;class_weight=None;penalty=l1,1,5,4.52,2590.82,4.0,3,logistic,3,100,2,,,logistic_start4_checkpoint_lambda5,learned,15,1,checkpoint,outer_fold,,,0.2,4,inner_accuracy_within_1pp_of_n16_then_min_mean_samples,452,259082,lambda5
0.86,0.0,0,86,14,sigmoid,55.52464288385311,C=0.1;class_weight=None;penalty=l1,1,10,6.44,3865.42,4.0,0,logistic,0,100,2,,,logistic_start4_checkpoint_lambda10,learned,5,0,checkpoint,outer_fold,,,0.05,4,inner_accuracy_within_1pp_of_n16_then_min_mean_samples,644,386542,lambda10
0.86,0.0,1,85,13,uncalibrated,79.45519292613751,class_weight=None;l2_regularization=1.0;learning_rate=0.05;max_leaf_nodes=7,1,5,2.97,1785.58,2.0,1,histgb,1,100,2,,,histgb_start2_every_sample_selected,learned,13,1,every_sample,outer_fold,,,0.1,2,inner_accuracy_within_1pp_of_n16_then_min_mean_samples,297,178558,selected
0.81,-5.0,1,80,13,uncalibrated,85.1833186632379,class_weight=None;l2_regularization=1.0;learning_rate=0.05;max_leaf_nodes=7,1,1,2.18,1287.74,2.0,6,histgb,6,100,2,,,histgb_start2_every_sample_lambda1,learned,18,1,every_sample,outer_fold,,,0.4,2,inner_accuracy_within_1pp_of_n16_then_min_mean_samples,218,128774,lambda1
0.86,0.0,1,85,13,uncalibrated,79.45519292613751,class_weight=None;l2_regularization=1.0;learning_rate=0.05;max_leaf_nodes=7,1,2,2.97,1785.58,2.0,1,histgb,1,100,2,,,histgb_start2_every_sample_lambda2,learned,13,1,every_sample,outer_fold,,,0.1,2,inner_accuracy_within_1pp_of_n16_then_min_mean_samples,297,178558,lambda2
0.86,0.0,1,85,13,uncalibrated,79.45519292613751,class_weight=None;l2_regularization=1.0;learning_rate=0.05;max_leaf_nodes=7,1,5,2.97,1785.58,2.0,1,histgb,1,100,2,,,histgb_start2_every_sample_lambda5,learned,13,1,every_sample,outer_fold,,,0.1,2,inner_accuracy_within_1pp_of_n16_then_min_mean_samples,297,178558,lambda5
0.86,0.0,0,86,14,uncalibrated,64.24926505698325,class_weight=None;l2_regularization=1.0;learning_rate=0.05;max_leaf_nodes=7,1,10,5.06,3107.15,3.0,0,histgb,0,100,2,,,histgb_start2_every_sample_lambda10,learned,11,0,every_sample,outer_fold,,,0.01,2,inner_accuracy_within_1pp_of_n16_then_min_mean_samples,506,310715,lambda10
0.85,-1.0,0,85,14,uncalibrated,72.02407046248194,class_weight=None;l2_regularization=1.0;learning_rate=0.05;max_leaf_nodes=7,1,5,3.94,2431.43,2.0,1,histgb,1,100,2,,,histgb_start2_checkpoint_selected,learned,7,0,checkpoint,outer_fold,,,0.075,2,inner_accuracy_within_1pp_of_n16_then_min_mean_samples,394,243143,selected
0.81,-5.0,1,80,13,uncalibrated,84.94767665959051,class_weight=None;l2_regularization=1.0;learning_rate=0.05;max_leaf_nodes=7,1,1,2.2,1308.22,2.0,6,histgb,6,100,2,,,histgb_start2_checkpoint_lambda1,learned,18,1,checkpoint,outer_fold,,,0.4,2,inner_accuracy_within_1pp_of_n16_then_min_mean_samples,220,130822,lambda1
0.81,-5.0,1,80,13,uncalibrated,84.94767665959051,class_weight=None;l2_regularization=1.0;learning_rate=0.05;max_leaf_nodes=7,1,2,2.2,1308.22,2.0,6,histgb,6,100,2,,,histgb_start2_checkpoint_lambda2,learned,18,1,checkpoint,outer_fold,,,0.4,2,inner_accuracy_within_1pp_of_n16_then_min_mean_samples,220,130822,lambda2
0.85,-1.0,0,85,14,uncalibrated,72.02407046248194,class_weight=None;l2_regularization=1.0;learning_rate=0.05;max_leaf_nodes=7,1,5,3.94,2431.43,2.0,1,histgb,1,100,2,,,histgb_start2_checkpoint_lambda5,learned,7,0,checkpoint,outer_fold,,,0.075,2,inner_accuracy_within_1pp_of_n16_then_min_mean_samples,394,243143,lambda5
0.86,0.0,0,86,14,uncalibrated,54.19420905173653,class_weight=None;l2_regularization=1.0;learning_rate=0.05;max_leaf_nodes=7,1,10,6.6,3981.05,4.0,0,histgb,0,100,2,,,histgb_start2_checkpoint_lambda10,learned,4,0,checkpoint,outer_fold,,,0.01,2,inner_accuracy_within_1pp_of_n16_then_min_mean_samples,660,398105,lambda10
0.86,0.0,1,85,13,uncalibrated,68.37138928680324,class_weight=None;l2_regularization=1.0;learning_rate=0.05;max_leaf_nodes=7,1,2,4.74,2748.89,4.0,1,histgb,1,100,2,,,histgb_start4_every_sample_selected,learned,13,1,every_sample,outer_fold,,,0.1,4,inner_accuracy_within_1pp_of_n16_then_min_mean_samples,474,274889,selected
0.84,-2.0,1,83,13,uncalibrated,72.96629329835523,class_weight=None;l2_regularization=1.0;learning_rate=0.05;max_leaf_nodes=7,1,1,4.16,2349.54,4.0,3,histgb,3,100,2,,,histgb_start4_every_sample_lambda1,learned,15,1,every_sample,outer_fold,,,0.3,4,inner_accuracy_within_1pp_of_n16_then_min_mean_samples,416,234954,lambda1
0.86,0.0,1,85,13,uncalibrated,68.37138928680324,class_weight=None;l2_regularization=1.0;learning_rate=0.05;max_leaf_nodes=7,1,2,4.74,2748.89,4.0,1,histgb,1,100,2,,,histgb_start4_every_sample_lambda2,learned,13,1,every_sample,outer_fold,,,0.1,4,inner_accuracy_within_1pp_of_n16_then_min_mean_samples,474,274889,lambda2
0.85,-1.0,0,85,14,uncalibrated,67.21676648084546,class_weight=None;l2_regularization=1.0;learning_rate=0.05;max_leaf_nodes=7,1,5,4.91,2849.24,4.0,1,histgb,1,100,2,,,histgb_start4_every_sample_lambda5,learned,14,0,every_sample,outer_fold,,,0.075,4,inner_accuracy_within_1pp_of_n16_then_min_mean_samples,491,284924,lambda5
0.86,0.0,0,86,14,uncalibrated,59.87562060256698,class_weight=None;l2_regularization=1.0;learning_rate=0.05;max_leaf_nodes=7,1,10,5.85,3487.27,4.0,0,histgb,0,100,2,,,histgb_start4_every_sample_lambda10,learned,11,0,every_sample,outer_fold,,,0.01,4,inner_accuracy_within_1pp_of_n16_then_min_mean_samples,585,348727,lambda10
0.86,0.0,0,86,14,uncalibrated,60.3249282315919,class_weight=None;l2_regularization=1.0;learning_rate=0.05;max_leaf_nodes=7,1,10,5.8,3448.22,4.0,0,histgb,0,100,2,,,histgb_start4_checkpoint_selected,learned,5,0,checkpoint,outer_fold,,,0.075,4,inner_accuracy_within_1pp_of_n16_then_min_mean_samples,580,344822,selected
0.83,-3.0,1,82,13,uncalibrated,72.93660792875511,class_weight=None;l2_regularization=1.0;learning_rate=0.05;max_leaf_nodes=7,1,1,4.16,2352.12,4.0,4,histgb,4,100,2,,,histgb_start4_checkpoint_lambda1,learned,16,1,checkpoint,outer_fold,,,0.5,4,inner_accuracy_within_1pp_of_n16_then_min_mean_samples,416,235212,lambda1
0.83,-3.0,1,82,13,uncalibrated,72.93660792875511,class_weight=None;l2_regularization=1.0;learning_rate=0.05;max_leaf_nodes=7,1,2,4.16,2352.12,4.0,4,histgb,4,100,2,,,histgb_start4_checkpoint_lambda2,learned,16,1,checkpoint,outer_fold,,,0.5,4,inner_accuracy_within_1pp_of_n16_then_min_mean_samples,416,235212,lambda2
0.86,0.0,0,86,14,uncalibrated,60.3249282315919,class_weight=None;l2_regularization=1.0;learning_rate=0.05;max_leaf_nodes=7,1,5,5.8,3448.22,4.0,0,histgb,0,100,2,,,histgb_start4_checkpoint_lambda5,learned,5,0,checkpoint,outer_fold,,,0.075,4,inner_accuracy_within_1pp_of_n16_then_min_mean_samples,580,344822,lambda5
0.86,0.0,0,86,14,uncalibrated,60.3249282315919,class_weight=None;l2_regularization=1.0;learning_rate=0.05;max_leaf_nodes=7,1,10,5.8,3448.22,4.0,0,histgb,0,100,2,,,histgb_start4_checkpoint_lambda10,learned,5,0,checkpoint,outer_fold,,,0.075,4,inner_accuracy_within_1pp_of_n16_then_min_mean_samples,580,344822,lambda10
0.69,-8.0,2,67,21,,93.82758692077785,,,,1.0,566.48,1.0,10,none,10,100,3,,,fixed_n1,fixed,31,2,,outer_fold,predefined,,,,,100,56648,
0.7,-7.0,3,67,20,,87.56092272388999,,,,2.0,1141.61,2.0,10,none,10,100,3,,,fixed_n2,fixed,30,3,,outer_fold,predefined,,,,,200,114161,
0.71,-6.0,2,69,21,,75.13862541554937,,,,4.0,2281.68,4.0,8,none,8,100,3,,,fixed_n4,fixed,29,2,,outer_fold,predefined,,,,,400,228168,
0.77,0.0,5,72,18,,50.59291035465661,,,,8.0,4534.39,8.0,5,none,5,100,3,,,fixed_n8,fixed,23,5,,outer_fold,predefined,,,,,800,453439,
0.77,0.0,0,77,23,,0.0,,,,16.0,9177.61,16.0,0,none,0,100,3,,,fixed_n16,fixed,0,0,,outer_fold,predefined,,,,,1600,917761,
0.75,-2.0,2,73,21,,74.81849849797496,,,,3.54,2311.06,2.0,4,none,4,100,3,,,simple_consensus,simple_threshold,19,2,,outer_fold,outer_training_only,consensus_min2_0.60,,,,354,231106,
0.76,-1.0,1,75,22,,65.76287290481945,,,,4.65,3142.15,2.0,2,none,2,100,3,,,simple_entropy,simple_threshold,13,1,,outer_fold,outer_training_only,entropy_min2_0.50,,,,465,314215,
0.77,0.0,2,75,21,,69.93029775725924,,,,4.09,2759.68,2.0,2,none,2,100,3,,,simple_margin,simple_threshold,15,2,,outer_fold,outer_training_only,margin_min2_0.50,,,,409,275968,
0.71,-6.0,3,68,20,,82.87419055723659,,,,2.43,1571.74,2.0,9,none,9,100,3,,,simple_stability,simple_threshold,28,3,,outer_fold,outer_training_only,stability_k2,,,,243,157174,
0.74,-3.0,3,71,20,sigmoid,77.58370643337426,C=0.1;class_weight=None;penalty=l1,1,5,3.14,2057.28,2.0,6,logistic,6,100,3,,,logistic_start2_every_sample_selected,learned,25,3,every_sample,outer_fold,,,0.075,2,inner_accuracy_within_1pp_of_n16_then_min_mean_samples,314,205728,selected
0.73,-4.0,3,70,20,sigmoid,82.15777310214752,C=0.1;class_weight=None;penalty=l1,1,1,2.54,1637.49,2.0,7,logistic,7,100,3,,,logistic_start2_every_sample_lambda1,learned,26,3,every_sample,outer_fold,,,0.4,2,inner_accuracy_within_1pp_of_n16_then_min_mean_samples,254,163749,lambda1
0.73,-4.0,2,71,21,sigmoid,81.18693210977585,C=0.1;class_weight=None;penalty=l1,1,2,2.68,1726.59,2.0,6,logistic,6,100,3,,,logistic_start2_every_sample_lambda2,learned,26,2,every_sample,outer_fold,,,0.2,2,inner_accuracy_within_1pp_of_n16_then_min_mean_samples,268,172659,lambda2
0.74,-3.0,3,71,20,sigmoid,77.58370643337426,C=0.1;class_weight=None;penalty=l1,1,5,3.14,2057.28,2.0,6,logistic,6,100,3,,,logistic_start2_every_sample_lambda5,learned,25,3,every_sample,outer_fold,,,0.075,2,inner_accuracy_within_1pp_of_n16_then_min_mean_samples,314,205728,lambda5
0.74,-3.0,3,71,20,sigmoid,75.01909538539991,C=0.1;class_weight=None;penalty=l1,1,10,3.47,2292.65,2.0,6,logistic,6,100,3,,,logistic_start2_every_sample_lambda10,learned,25,3,every_sample,outer_fold,,,0.05,2,inner_accuracy_within_1pp_of_n16_then_min_mean_samples,347,229265,lambda10
0.73,-4.0,2,71,21,sigmoid,73.79611903316876,C=0.1;class_weight=None;penalty=l1,1,10,3.6,2404.89,2.0,6,logistic,6,100,3,,,logistic_start2_checkpoint_selected,learned,21,2,checkpoint,outer_fold,,,0.075,2,inner_accuracy_within_1pp_of_n16_then_min_mean_samples,360,240489,selected
0.72,-5.0,2,70,21,sigmoid,79.81936473657085,C=0.1;class_weight=None;penalty=l1,1,1,2.8,1852.1,2.0,7,logistic,7,100,3,,,logistic_start2_checkpoint_lambda1,learned,26,2,checkpoint,outer_fold,,,0.4,2,inner_accuracy_within_1pp_of_n16_then_min_mean_samples,280,185210,lambda1
0.72,-5.0,2,70,21,sigmoid,79.81936473657085,C=0.1;class_weight=None;penalty=l1,1,2,2.8,1852.1,2.0,7,logistic,7,100,3,,,logistic_start2_checkpoint_lambda2,learned,26,2,checkpoint,outer_fold,,,0.4,2,inner_accuracy_within_1pp_of_n16_then_min_mean_samples,280,185210,lambda2
0.73,-4.0,2,71,21,sigmoid,73.79611903316876,C=0.1;class_weight=None;penalty=l1,1,5,3.6,2404.89,2.0,6,logistic,6,100,3,,,logistic_start2_checkpoint_lambda5,learned,21,2,checkpoint,outer_fold,,,0.075,2,inner_accuracy_within_1pp_of_n16_then_min_mean_samples,360,240489,lambda5
0.73,-4.0,2,71,21,sigmoid,73.79611903316876,C=0.1;class_weight=None;penalty=l1,1,10,3.6,2404.89,2.0,6,logistic,6,100,3,,,logistic_start2_checkpoint_lambda10,learned,21,2,checkpoint,outer_fold,,,0.075,2,inner_accuracy_within_1pp_of_n16_then_min_mean_samples,360,240489,lambda10
0.76,-1.0,3,73,20,sigmoid,68.81846145129286,C=0.1;class_weight=None;penalty=l1,1,2,4.68,2861.72,4.0,4,logistic,4,100,3,,,logistic_start4_every_sample_selected,learned,23,3,every_sample,outer_fold,,,0.1,4,inner_accuracy_within_1pp_of_n16_then_min_mean_samples,468,286172,selected
0.72,-5.0,2,70,21,sigmoid,72.13893377469734,C=0.1;class_weight=None;penalty=l1,1,1,4.27,2556.98,4.0,7,logistic,7,100,3,,,logistic_start4_every_sample_lambda1,learned,27,2,every_sample,outer_fold,,,0.4,4,inner_accuracy_within_1pp_of_n16_then_min_mean_samples,427,255698,lambda1
0.76,-1.0,3,73,20,sigmoid,68.81846145129286,C=0.1;class_weight=None;penalty=l1,1,2,4.68,2861.72,4.0,4,logistic,4,100,3,,,logistic_start4_every_sample_lambda2,learned,23,3,every_sample,outer_fold,,,0.1,4,inner_accuracy_within_1pp_of_n16_then_min_mean_samples,468,286172,lambda2
0.76,-1.0,3,73,20,sigmoid,63.06489380132736,C=0.1;class_weight=None;penalty=l1,1,5,5.43,3389.76,4.0,4,logistic,4,100,3,,,logistic_start4_every_sample_lambda5,learned,23,3,every_sample,outer_fold,,,0.05,4,inner_accuracy_within_1pp_of_n16_then_min_mean_samples,543,338976,lambda5
0.76,-1.0,3,73,20,sigmoid,63.06489380132736,C=0.1;class_weight=None;penalty=l1,1,10,5.43,3389.76,4.0,4,logistic,4,100,3,,,logistic_start4_every_sample_lambda10,learned,23,3,every_sample,outer_fold,,,0.05,4,inner_accuracy_within_1pp_of_n16_then_min_mean_samples,543,338976,lambda10
0.75,-2.0,2,73,21,sigmoid,62.395329502996965,C=0.1;class_weight=None;penalty=l1,1,10,5.48,3451.21,4.0,4,logistic,4,100,3,,,logistic_start4_checkpoint_selected,learned,18,2,checkpoint,outer_fold,,,0.075,4,inner_accuracy_within_1pp_of_n16_then_min_mean_samples,548,345121,selected
0.72,-5.0,2,70,21,sigmoid,71.15120385372661,C=0.1;class_weight=None;penalty=l1,1,1,4.36,2647.63,4.0,7,logistic,7,100,3,,,logistic_start4_checkpoint_lambda1,learned,26,2,checkpoint,outer_fold,,,0.4,4,inner_accuracy_within_1pp_of_n16_then_min_mean_samples,436,264763,lambda1
0.77,0.0,4,73,19,sigmoid,67.76154140348086,C=0.1;class_weight=None;penalty=l1,1,2,4.8,2958.72,4.0,4,logistic,4,100,3,,,logistic_start4_checkpoint_lambda2,learned,21,4,checkpoint,outer_fold,,,0.15,4,inner_accuracy_within_1pp_of_n16_then_min_mean_samples,480,295872,lambda2
0.75,-2.0,2,73,21,sigmoid,62.395329502996965,C=0.1;class_weight=None;penalty=l1,1,5,5.48,3451.21,4.0,4,logistic,4,100,3,,,logistic_start4_checkpoint_lambda5,learned,18,2,checkpoint,outer_fold,,,0.075,4,inner_accuracy_within_1pp_of_n16_then_min_mean_samples,548,345121,lambda5
0.75,-2.0,2,73,21,sigmoid,62.395329502996965,C=0.1;class_weight=None;penalty=l1,1,10,5.48,3451.21,4.0,4,logistic,4,100,3,,,logistic_start4_checkpoint_lambda10,learned,18,2,checkpoint,outer_fold,,,0.075,4,inner_accuracy_within_1pp_of_n16_then_min_mean_samples,548,345121,lambda10
0.73,-4.0,2,71,21,uncalibrated,77.95569870587222,class_weight=balanced;l2_regularization=1.0;learning_rate=0.1;max_leaf_nodes=15,1,2,3.05,2023.14,2.0,6,histgb,6,100,3,,,histgb_start2_every_sample_selected,learned,26,2,every_sample,outer_fold,,,0.4,2,inner_accuracy_within_1pp_of_n16_then_min_mean_samples,305,202314,selected
0.72,-5.0,2,70,21,uncalibrated,80.05853375769945,class_weight=balanced;l2_regularization=1.0;learning_rate=0.1;max_leaf_nodes=15,1,1,2.8,1830.15,2.0,7,histgb,7,100,3,,,histgb_start2_every_sample_lambda1,learned,27,2,every_sample,outer_fold,,,0.7,2,inner_accuracy_within_1pp_of_n16_then_min_mean_samples,280,183015,lambda1
0.73,-4.0,2,71,21,uncalibrated,77.95569870587222,class_weight=balanced;l2_regularization=1.0;learning_rate=0.1;max_leaf_nodes=15,1,2,3.05,2023.14,2.0,6,histgb,6,100,3,,,histgb_start2_every_sample_lambda2,learned,26,2,every_sample,outer_fold,,,0.4,2,inner_accuracy_within_1pp_of_n16_then_min_mean_samples,305,202314,lambda2
0.74,-3.0,3,71,20,uncalibrated,75.8661568752649,class_weight=balanced;l2_regularization=1.0;learning_rate=0.1;max_leaf_nodes=15,1,5,3.3,2214.91,2.0,6,histgb,6,100,3,,,histgb_start2_every_sample_lambda5,learned,25,3,every_sample,outer_fold,,,0.2,2,inner_accuracy_within_1pp_of_n16_then_min_mean_samples,330,221491,lambda5
0.74,-3.0,3,71,20,uncalibrated,75.8661568752649,class_weight=balanced;l2_regularization=1.0;learning_rate=0.1;max_leaf_nodes=15,1,10,3.3,2214.91,2.0,6,histgb,6,100,3,,,histgb_start2_every_sample_lambda10,learned,25,3,every_sample,outer_fold,,,0.2,2,inner_accuracy_within_1pp_of_n16_then_min_mean_samples,330,221491,lambda10
0.74,-3.0,3,71,20,uncalibrated,69.1856594472853,class_weight=balanced;l2_regularization=1.0;learning_rate=0.1;max_leaf_nodes=15,1,5,4.08,2828.02,2.0,6,histgb,6,100,3,,,histgb_start2_checkpoint_selected,learned,21,3,checkpoint,outer_fold,,,0.3,2,inner_accuracy_within_1pp_of_n16_then_min_mean_samples,408,282802,selected
0.73,-4.0,3,70,20,uncalibrated,74.22509781958485,class_weight=balanced;l2_regularization=1.0;learning_rate=0.1;max_leaf_nodes=15,1,1,3.42,2365.52,2.0,7,histgb,7,100,3,,,histgb_start2_checkpoint_lambda1,learned,24,3,checkpoint,outer_fold,,,0.7,2,inner_accuracy_within_1pp_of_n16_then_min_mean_samples,342,236552,lambda1
0.73,-4.0,3,70,20,uncalibrated,74.22509781958485,class_weight=balanced;l2_regularization=1.0;learning_rate=0.1;max_leaf_nodes=15,1,2,3.42,2365.52,2.0,7,histgb,7,100,3,,,histgb_start2_checkpoint_lambda2,learned,24,3,checkpoint,outer_fold,,,0.7,2,inner_accuracy_within_1pp_of_n16_then_min_mean_samples,342,236552,lambda2
0.74,-3.0,3,71,20,uncalibrated,69.1856594472853,class_weight=balanced;l2_regularization=1.0;learning_rate=0.1;max_leaf_nodes=15,1,5,4.08,2828.02,2.0,6,histgb,6,100,3,,,histgb_start2_checkpoint_lambda5,learned,21,3,checkpoint,outer_fold,,,0.3,2,inner_accuracy_within_1pp_of_n16_then_min_mean_samples,408,282802,lambda5
0.73,-4.0,1,72,22,uncalibrated,50.75874873741639,class_weight=balanced;l2_regularization=1.0;learning_rate=0.1;max_leaf_nodes=15,1,10,6.7,4519.17,4.0,5,histgb,5,100,3,,,histgb_start2_checkpoint_lambda10,learned,13,1,checkpoint,outer_fold,,,0.02,2,inner_accuracy_within_1pp_of_n16_then_min_mean_samples,670,451917,lambda10
0.75,-2.0,3,72,20,uncalibrated,68.65741734503862,class_weight=balanced;l2_regularization=1.0;learning_rate=0.1;max_leaf_nodes=15,1,2,4.72,2876.5,4.0,5,histgb,5,100,3,,,histgb_start4_every_sample_selected,learned,24,3,every_sample,outer_fold,,,0.5,4,inner_accuracy_within_1pp_of_n16_then_min_mean_samples,472,287650,selected
0.75,-2.0,3,72,20,uncalibrated,68.65741734503862,class_weight=balanced;l2_regularization=1.0;learning_rate=0.1;max_leaf_nodes=15,1,1,4.72,2876.5,4.0,5,histgb,5,100,3,,,histgb_start4_every_sample_lambda1,learned,24,3,every_sample,outer_fold,,,0.5,4,inner_accuracy_within_1pp_of_n16_then_min_mean_samples,472,287650,lambda1
0.75,-2.0,3,72,20,uncalibrated,68.65741734503862,class_weight=balanced;l2_regularization=1.0;learning_rate=0.1;max_leaf_nodes=15,1,2,4.72,2876.5,4.0,5,histgb,5,100,3,,,histgb_start4_every_sample_lambda2,learned,24,3,every_sample,outer_fold,,,0.5,4,inner_accuracy_within_1pp_of_n16_then_min_mean_samples,472,287650,lambda2
0.74,-3.0,2,72,21,uncalibrated,68.21056898255647,class_weight=balanced;l2_regularization=1.0;learning_rate=0.1;max_leaf_nodes=15,1,5,4.79,2917.51,4.0,5,histgb,5,100,3,,,histgb_start4_every_sample_lambda5,learned,25,2,every_sample,outer_fold,,,0.4,4,inner_accuracy_within_1pp_of_n16_then_min_mean_samples,479,291751,lambda5
0.74,-3.0,2,72,21,uncalibrated,68.21056898255647,class_weight=balanced;l2_regularization=1.0;learning_rate=0.1;max_leaf_nodes=15,1,10,4.79,2917.51,4.0,5,histgb,5,100,3,,,histgb_start4_every_sample_lambda10,learned,25,2,every_sample,outer_fold,,,0.4,4,inner_accuracy_within_1pp_of_n16_then_min_mean_samples,479,291751,lambda10
0.75,-2.0,3,72,20,uncalibrated,64.01819210012192,class_weight=balanced;l2_regularization=1.0;learning_rate=0.1;max_leaf_nodes=15,1,10,5.2,3302.27,4.0,5,histgb,5,100,3,,,histgb_start4_checkpoint_selected,learned,22,3,checkpoint,outer_fold,,,0.7,4,inner_accuracy_within_1pp_of_n16_then_min_mean_samples,520,330227,selected
0.75,-2.0,3,72,20,uncalibrated,64.01819210012192,class_weight=balanced;l2_regularization=1.0;learning_rate=0.1;max_leaf_nodes=15,1,1,5.2,3302.27,4.0,5,histgb,5,100,3,,,histgb_start4_checkpoint_lambda1,learned,22,3,checkpoint,outer_fold,,,0.7,4,inner_accuracy_within_1pp_of_n16_then_min_mean_samples,520,330227,lambda1
0.75,-2.0,3,72,20,uncalibrated,64.01819210012192,class_weight=balanced;l2_regularization=1.0;learning_rate=0.1;max_leaf_nodes=15,1,2,5.2,3302.27,4.0,5,histgb,5,100,3,,,histgb_start4_checkpoint_lambda2,learned,22,3,checkpoint,outer_fold,,,0.7,4,inner_accuracy_within_1pp_of_n16_then_min_mean_samples,520,330227,lambda2
0.75,-2.0,3,72,20,uncalibrated,64.01819210012192,class_weight=balanced;l2_regularization=1.0;learning_rate=0.1;max_leaf_nodes=15,1,5,5.2,3302.27,4.0,5,histgb,5,100,3,,,histgb_start4_checkpoint_lambda5,learned,22,3,checkpoint,outer_fold,,,0.7,4,inner_accuracy_within_1pp_of_n16_then_min_mean_samples,520,330227,lambda5
0.75,-2.0,3,72,20,uncalibrated,64.01819210012192,class_weight=balanced;l2_regularization=1.0;learning_rate=0.1;max_leaf_nodes=15,1,10,5.2,3302.27,4.0,5,histgb,5,100,3,,,histgb_start4_checkpoint_lambda10,learned,22,3,checkpoint,outer_fold,,,0.7,4,inner_accuracy_within_1pp_of_n16_then_min_mean_samples,520,330227,lambda10
0.73,-4.0,2,71,21,,93.84740490713097,,,,1.0,531.89,1.0,6,none,6,100,4,,,fixed_n1,fixed,27,2,,outer_fold,predefined,,,,,100,53189,
0.73,-4.0,2,71,21,,87.31863731163902,,,,2.0,1096.3,2.0,6,none,6,100,4,,,fixed_n2,fixed,27,2,,outer_fold,predefined,,,,,200,109630,
0.72,-5.0,1,71,22,,74.80222603432979,,,,4.0,2178.34,4.0,6,none,6,100,4,,,fixed_n4,fixed,28,1,,outer_fold,predefined,,,,,400,217834,
0.72,-5.0,0,72,23,,49.94210506225008,,,,8.0,4327.49,8.0,5,none,5,100,4,,,fixed_n8,fixed,28,0,,outer_fold,predefined,,,,,800,432749,
0.77,0.0,0,77,23,,0.0,,,,16.0,8644.97,16.0,0,none,0,100,4,,,fixed_n16,fixed,0,0,,outer_fold,predefined,,,,,1600,864497,
0.74,-3.0,1,73,22,,80.02780807799216,,,,2.78,1726.59,2.0,4,none,4,100,4,,,simple_consensus,simple_threshold,23,1,,outer_fold,outer_training_only,consensus_min2_0.60,,,,278,172659,
0.77,0.0,1,76,22,,65.80867255756816,,,,4.83,2955.83,2.0,1,none,1,100,4,,,simple_entropy,simple_threshold,15,1,,outer_fold,outer_training_only,entropy_min2_0.50,,,,483,295583,
0.75,-2.0,1,74,22,,70.85958655726972,,,,4.19,2519.18,2.0,3,none,3,100,4,,,simple_margin,simple_threshold,18,1,,outer_fold,outer_training_only,margin_min2_0.50,,,,419,251918,
0.74,-3.0,1,73,22,,61.90351152172882,,,,5.73,3293.43,5.0,4,none,4,100,4,,,simple_stability,simple_threshold,25,1,,outer_fold,outer_training_only,stability_k5,,,,573,329343,
0.76,-1.0,1,75,22,isotonic,69.16958647629778,C=0.1;class_weight=balanced;penalty=l1,1,10,4.23,2665.28,2.0,2,logistic,2,100,4,,,logistic_start2_every_sample_selected,learned,22,1,every_sample,outer_fold,,,0.03,2,inner_accuracy_within_1pp_of_n16_then_min_mean_samples,423,266528,selected
0.73,-4.0,2,71,21,isotonic,84.65014916188257,C=0.1;class_weight=balanced;penalty=l1,1,1,2.23,1326.99,2.0,6,logistic,6,100,4,,,logistic_start2_every_sample_lambda1,learned,26,2,every_sample,outer_fold,,,0.4,2,inner_accuracy_within_1pp_of_n16_then_min_mean_samples,223,132699,lambda1
0.74,-3.0,1,73,22,isotonic,79.53492030625901,C=0.1;class_weight=balanced;penalty=l1,1,2,2.91,1769.2,2.0,4,logistic,4,100,4,,,logistic_start2_every_sample_lambda2,learned,25,1,every_sample,outer_fold,,,0.2,2,inner_accuracy_within_1pp_of_n16_then_min_mean_samples,291,176920,lambda2
0.74,-3.0,1,73,22,isotonic,79.53492030625901,C=0.1;class_weight=balanced;penalty=l1,1,5,2.91,1769.2,2.0,4,logistic,4,100,4,,,logistic_start2_every_sample_lambda5,learned,25,1,every_sample,outer_fold,,,0.15,2,inner_accuracy_within_1pp_of_n16_then_min_mean_samples,291,176920,lambda5
0.76,-1.0,1,75,22,isotonic,69.16958647629778,C=0.1;class_weight=balanced;penalty=l1,1,10,4.23,2665.28,2.0,2,logistic,2,100,4,,,logistic_start2_every_sample_lambda10,learned,22,1,every_sample,outer_fold,,,0.03,2,inner_accuracy_within_1pp_of_n16_then_min_mean_samples,423,266528,lambda10
0.77,0.0,1,76,22,isotonic,60.306976195406115,C=0.1;class_weight=balanced;penalty=l1,1,10,5.3,3431.45,2.0,1,logistic,1,100,4,,,logistic_start2_checkpoint_selected,learned,12,1,checkpoint,outer_fold,,,0.05,2,inner_accuracy_within_1pp_of_n16_then_min_mean_samples,530,343145,selected
0.73,-4.0,2,71,21,isotonic,84.33632505375958,C=0.1;class_weight=balanced;penalty=l1,1,1,2.26,1354.12,2.0,6,logistic,6,100,4,,,logistic_start2_checkpoint_lambda1,learned,26,2,checkpoint,outer_fold,,,0.4,2,inner_accuracy_within_1pp_of_n16_then_min_mean_samples,226,135412,lambda1
0.73,-4.0,1,72,22,isotonic,78.22444727974765,C=0.1;class_weight=balanced;penalty=l1,1,2,3.14,1882.49,2.0,5,logistic,5,100,4,,,logistic_start2_checkpoint_lambda2,learned,26,1,checkpoint,outer_fold,,,0.3,2,inner_accuracy_within_1pp_of_n16_then_min_mean_samples,314,188249,lambda2
0.73,-4.0,1,72,22,isotonic,75.85150671430901,C=0.1;class_weight=balanced;penalty=l1,1,5,3.42,2087.63,2.0,5,logistic,5,100,4,,,logistic_start2_checkpoint_lambda5,learned,24,1,checkpoint,outer_fold,,,0.2,2,inner_accuracy_within_1pp_of_n16_then_min_mean_samples,342,208763,lambda5
0.77,0.0,1,76,22,isotonic,60.306976195406115,C=0.1;class_weight=balanced;penalty=l1,1,10,5.3,3431.45,2.0,1,logistic,1,100,4,,,logistic_start2_checkpoint_lambda10,learned,12,1,checkpoint,outer_fold,,,0.05,2,inner_accuracy_within_1pp_of_n16_then_min_mean_samples,530,343145,lambda10
0.74,-3.0,1,73,22,isotonic,68.7905221186424,C=0.1;class_weight=balanced;penalty=l1,1,2,4.72,2698.05,4.0,4,logistic,4,100,4,,,logistic_start4_every_sample_selected,learned,25,1,every_sample,outer_fold,,,0.2,4,inner_accuracy_within_1pp_of_n16_then_min_mean_samples,472,269805,selected
0.73,-4.0,1,72,22,isotonic,70.23124429581596,C=0.1;class_weight=balanced;penalty=l1,1,1,4.52,2573.5,4.0,5,logistic,5,100,4,,,logistic_start4_every_sample_lambda1,learned,26,1,every_sample,outer_fold,,,0.3,4,inner_accuracy_within_1pp_of_n16_then_min_mean_samples,452,257350,lambda1
0.74,-3.0,1,73,22,isotonic,68.7905221186424,C=0.1;class_weight=balanced;penalty=l1,1,2,4.72,2698.05,4.0,4,logistic,4,100,4,,,logistic_start4_every_sample_lambda2,learned,25,1,every_sample,outer_fold,,,0.2,4,inner_accuracy_within_1pp_of_n16_then_min_mean_samples,472,269805,lambda2
0.74,-3.0,1,73,22,isotonic,68.7905221186424,C=0.1;class_weight=balanced;penalty=l1,1,5,4.72,2698.05,4.0,4,logistic,4,100,4,,,logistic_start4_every_sample_lambda5,learned,25,1,every_sample,outer_fold,,,0.1,4,inner_accuracy_within_1pp_of_n16_then_min_mean_samples,472,269805,lambda5
0.75,-2.0,0,75,23,isotonic,58.426460704895455,C=0.1;class_weight=balanced;penalty=l1,1,10,6.03,3594.02,4.0,2,logistic,2,100,4,,,logistic_start4_every_sample_lambda10,learned,23,0,every_sample,outer_fold,,,0.03,4,inner_accuracy_within_1pp_of_n16_then_min_mean_samples,603,359402,lambda10
0.73,-4.0,0,73,23,isotonic,63.72584288898631,C=0.1;class_weight=balanced;penalty=l1,1,5,5.32,3135.89,4.0,4,logistic,4,100,4,,,logistic_start4_checkpoint_selected,learned,23,0,checkpoint,outer_fold,,,0.1,4,inner_accuracy_within_1pp_of_n16_then_min_mean_samples,532,313589,selected
0.72,-5.0,1,71,22,isotonic,72.5306160692287,C=0.1;class_weight=balanced;penalty=l1,1,1,4.2,2374.72,4.0,6,logistic,6,100,4,,,logistic_start4_checkpoint_lambda1,learned,27,1,checkpoint,outer_fold,,,0.4,4,inner_accuracy_within_1pp_of_n16_then_min_mean_samples,420,237472,lambda1
0.73,-4.0,0,73,23,isotonic,68.08132359048093,C=0.1;class_weight=balanced;penalty=l1,1,2,4.84,2759.36,4.0,4,logistic,4,100,4,,,logistic_start4_checkpoint_lambda2,learned,26,0,checkpoint,outer_fold,,,0.3,4,inner_accuracy_within_1pp_of_n16_then_min_mean_samples,484,275936,lambda2
0.73,-4.0,0,73,23,isotonic,63.72584288898631,C=0.1;class_weight=balanced;penalty=l1,1,5,5.32,3135.89,4.0,4,logistic,4,100,4,,,logistic_start4_checkpoint_lambda5,learned,23,0,checkpoint,outer_fold,,,0.1,4,inner_accuracy_within_1pp_of_n16_then_min_mean_samples,532,313589,lambda5
0.76,-1.0,0,76,23,isotonic,49.64609478112706,C=0.1;class_weight=balanced;penalty=l1,1,10,7.16,4353.08,4.0,1,logistic,1,100,4,,,logistic_start4_checkpoint_lambda10,learned,12,0,checkpoint,outer_fold,,,0.05,4,inner_accuracy_within_1pp_of_n16_then_min_mean_samples,716,435308,lambda10
0.73,-4.0,1,72,22,isotonic,79.12601200466861,class_weight=balanced;l2_regularization=1.0;learning_rate=0.05;max_leaf_nodes=7,1,2,3.02,1804.55,2.0,5,histgb,5,100,4,,,histgb_start2_every_sample_selected,learned,26,1,every_sample,outer_fold,,,0.1,2,inner_accuracy_within_1pp_of_n16_then_min_mean_samples,302,180455,selected
0.72,-5.0,2,70,21,isotonic,84.4479506580127,class_weight=balanced;l2_regularization=1.0;learning_rate=0.05;max_leaf_nodes=7,1,1,2.25,1344.47,2.0,7,histgb,7,100,4,,,histgb_start2_every_sample_lambda1,learned,27,2,every_sample,outer_fold,,,0.4,2,inner_accuracy_within_1pp_of_n16_then_min_mean_samples,225,134447,lambda1
0.73,-4.0,1,72,22,isotonic,79.12601200466861,class_weight=balanced;l2_regularization=1.0;learning_rate=0.05;max_leaf_nodes=7,1,2,3.02,1804.55,2.0,5,histgb,5,100,4,,,histgb_start2_every_sample_lambda2,learned,26,1,every_sample,outer_fold,,,0.1,2,inner_accuracy_within_1pp_of_n16_then_min_mean_samples,302,180455,lambda2
0.73,-4.0,1,72,22,isotonic,79.12601200466861,class_weight=balanced;l2_regularization=1.0;learning_rate=0.05;max_leaf_nodes=7,1,5,3.02,1804.55,2.0,5,histgb,5,100,4,,,histgb_start2_every_sample_lambda5,learned,26,1,every_sample,outer_fold,,,0.075,2,inner_accuracy_within_1pp_of_n16_then_min_mean_samples,302,180455,lambda5
0.73,-4.0,0,73,23,isotonic,73.53108223625992,class_weight=balanced;l2_regularization=1.0;learning_rate=0.05;max_leaf_nodes=7,1,10,3.76,2288.23,2.0,4,histgb,4,100,4,,,histgb_start2_every_sample_lambda10,learned,24,0,every_sample,outer_fold,,,0.05,2,inner_accuracy_within_1pp_of_n16_then_min_mean_samples,376,228823,lambda10
0.73,-4.0,1,72,22,isotonic,75.5871911643418,class_weight=balanced;l2_regularization=1.0;learning_rate=0.05;max_leaf_nodes=7,1,5,3.5,2110.48,2.0,5,histgb,5,100,4,,,histgb_start2_checkpoint_selected,learned,25,1,checkpoint,outer_fold,,,0.1,2,inner_accuracy_within_1pp_of_n16_then_min_mean_samples,350,211048,selected
0.72,-5.0,2,70,21,isotonic,83.95992120273408,class_weight=balanced;l2_regularization=1.0;learning_rate=0.05;max_leaf_nodes=7,1,1,2.3,1386.66,2.0,7,histgb,7,100,4,,,histgb_start2_checkpoint_lambda1,learned,27,2,checkpoint,outer_fold,,,0.4,2,inner_accuracy_within_1pp_of_n16_then_min_mean_samples,230,138666,lambda1
0.72,-5.0,1,71,22,isotonic,78.39633914287731,class_weight=balanced;l2_regularization=1.0;learning_rate=0.05;max_leaf_nodes=7,1,2,3.12,1867.63,2.0,6,histgb,6,100,4,,,histgb_start2_checkpoint_lambda2,learned,27,1,checkpoint,outer_fold,,,0.15,2,inner_accuracy_within_1pp_of_n16_then_min_mean_samples,312,186763,lambda2
0.73,-4.0,1,72,22,isotonic,75.5871911643418,class_weight=balanced;l2_regularization=1.0;learning_rate=0.05;max_leaf_nodes=7,1,5,3.5,2110.48,2.0,5,histgb,5,100,4,,,histgb_start2_checkpoint_lambda5,learned,25,1,checkpoint,outer_fold,,,0.1,2,inner_accuracy_within_1pp_of_n16_then_min_mean_samples,350,211048,lambda5
0.73,-4.0,1,72,22,isotonic,75.5871911643418,class_weight=balanced;l2_regularization=1.0;learning_rate=0.05;max_leaf_nodes=7,1,10,3.5,2110.48,2.0,5,histgb,5,100,4,,,histgb_start2_checkpoint_lambda10,learned,25,1,checkpoint,outer_fold,,,0.075,2,inner_accuracy_within_1pp_of_n16_then_min_mean_samples,350,211048,lambda10
0.73,-4.0,1,72,22,isotonic,70.1717877563485,class_weight=balanced;l2_regularization=1.0;learning_rate=0.05;max_leaf_nodes=7,1,2,4.54,2578.64,4.0,5,histgb,5,100,4,,,histgb_start4_every_sample_selected,learned,26,1,every_sample,outer_fold,,,0.15,4,inner_accuracy_within_1pp_of_n16_then_min_mean_samples,454,257864,selected
0.72,-5.0,1,71,22,isotonic,72.11650242857985,class_weight=balanced;l2_regularization=1.0;learning_rate=0.05;max_leaf_nodes=7,1,1,4.26,2410.52,4.0,6,histgb,6,100,4,,,histgb_start4_every_sample_lambda1,learned,27,1,every_sample,outer_fold,,,0.4,4,inner_accuracy_within_1pp_of_n16_then_min_mean_samples,426,241052,lambda1
0.73,-4.0,1,72,22,isotonic,70.1717877563485,class_weight=balanced;l2_regularization=1.0;learning_rate=0.05;max_leaf_nodes=7,1,2,4.54,2578.64,4.0,5,histgb,5,100,4,,,histgb_start4_every_sample_lambda2,learned,26,1,every_sample,outer_fold,,,0.15,4,inner_accuracy_within_1pp_of_n16_then_min_mean_samples,454,257864,lambda2
0.73,-4.0,0,73,23,isotonic,68.23204707477296,class_weight=balanced;l2_regularization=1.0;learning_rate=0.05;max_leaf_nodes=7,1,5,4.82,2746.33,4.0,4,histgb,4,100,4,,,histgb_start4_every_sample_lambda5,learned,26,0,every_sample,outer_fold,,,0.1,4,inner_accuracy_within_1pp_of_n16_then_min_mean_samples,482,274633,lambda5
0.73,-4.0,0,73,23,isotonic,66.07437619795094,class_weight=balanced;l2_regularization=1.0;learning_rate=0.05;max_leaf_nodes=7,1,10,5.14,2932.86,4.0,4,histgb,4,100,4,,,histgb_start4_every_sample_lambda10,learned,24,0,every_sample,outer_fold,,,0.05,4,inner_accuracy_within_1pp_of_n16_then_min_mean_samples,514,293286,lambda10
0.73,-4.0,0,73,23,isotonic,65.71937207416568,class_weight=balanced;l2_regularization=1.0;learning_rate=0.05;max_leaf_nodes=7,1,2,5.16,2963.55,4.0,4,histgb,4,100,4,,,histgb_start4_checkpoint_selected,learned,25,0,checkpoint,outer_fold,,,0.15,4,inner_accuracy_within_1pp_of_n16_then_min_mean_samples,516,296355,selected
0.74,-3.0,0,74,23,isotonic,69.81389177753074,class_weight=balanced;l2_regularization=1.0;learning_rate=0.05;max_leaf_nodes=7,1,1,4.56,2609.58,4.0,3,histgb,3,100,4,,,histgb_start4_checkpoint_lambda1,learned,25,0,checkpoint,outer_fold,,,0.4,4,inner_accuracy_within_1pp_of_n16_then_min_mean_samples,456,260958,lambda1
0.73,-4.0,0,73,23,isotonic,65.71937207416568,class_weight=balanced;l2_regularization=1.0;learning_rate=0.05;max_leaf_nodes=7,1,2,5.16,2963.55,4.0,4,histgb,4,100,4,,,histgb_start4_checkpoint_lambda2,learned,25,0,checkpoint,outer_fold,,,0.15,4,inner_accuracy_within_1pp_of_n16_then_min_mean_samples,516,296355,lambda2
0.73,-4.0,0,73,23,isotonic,63.58448901499947,class_weight=balanced;l2_regularization=1.0;learning_rate=0.05;max_leaf_nodes=7,1,5,5.4,3148.11,4.0,4,histgb,4,100,4,,,histgb_start4_checkpoint_lambda5,learned,24,0,checkpoint,outer_fold,,,0.1,4,inner_accuracy_within_1pp_of_n16_then_min_mean_samples,540,314811,lambda5
0.73,-4.0,0,73,23,isotonic,63.58448901499947,class_weight=balanced;l2_regularization=1.0;learning_rate=0.05;max_leaf_nodes=7,1,10,5.4,3148.11,4.0,4,histgb,4,100,4,,,histgb_start4_checkpoint_lambda10,learned,24,0,checkpoint,outer_fold,,,0.1,4,inner_accuracy_within_1pp_of_n16_then_min_mean_samples,540,314811,lambda10
0.7,-7.0,2,68,21,,93.65316575340717,,,,1.0,546.59,1.0,9,none,9,100,5,,,fixed_n1,fixed,30,2,,outer_fold,predefined,,,,,100,54659,
0.71,-6.0,3,68,20,,87.32885818757758,,,,2.0,1091.24,2.0,9,none,9,100,5,,,fixed_n2,fixed,29,3,,outer_fold,predefined,,,,,200,109124,
0.75,-2.0,4,71,19,,75.08212368541142,,,,4.0,2145.93,4.0,6,none,6,100,5,,,fixed_n4,fixed,25,4,,outer_fold,predefined,,,,,400,214593,
0.77,0.0,1,76,22,,50.43503200762656,,,,8.0,4268.54,8.0,1,none,1,100,5,,,fixed_n8,fixed,23,1,,outer_fold,predefined,,,,,800,426854,
0.77,0.0,0,77,23,,0.0,,,,16.0,8612.01,16.0,0,none,0,100,5,,,fixed_n16,fixed,0,0,,outer_fold,predefined,,,,,1600,861201,
0.75,-2.0,4,71,19,,77.53300332907185,,,,3.33,1934.86,2.0,6,none,6,100,5,,,simple_consensus,simple_threshold,20,4,,outer_fold,outer_training_only,consensus_min2_0.60,,,,333,193486,
0.74,-3.0,2,72,21,,68.07040400556896,,,,4.68,2749.78,2.0,5,none,5,100,5,,,simple_entropy,simple_threshold,15,2,,outer_fold,outer_training_only,entropy_min2_0.50,,,,468,274978,
0.76,-1.0,4,72,19,,71.4600888758838,,,,4.12,2457.86,2.0,5,none,5,100,5,,,simple_margin,simple_threshold,17,4,,outer_fold,outer_training_only,margin_min2_0.50,,,,412,245786,
0.71,-6.0,3,68,20,,86.35603070595599,,,,2.09,1175.02,2.0,9,none,9,100,5,,,simple_stability,simple_threshold,29,3,,outer_fold,outer_training_only,stability_k2,,,,209,117502,
0.76,-1.0,4,72,19,sigmoid,78.1335599935439,C=1.0;class_weight=balanced;penalty=l1,1,10,3.21,1883.14,2.0,5,logistic,5,100,5,,,logistic_start2_every_sample_selected,learned,24,4,every_sample,outer_fold,,,0.075,2,inner_accuracy_within_1pp_of_n16_then_min_mean_samples,321,188314,selected
0.71,-6.0,3,68,20,sigmoid,86.87112532382105,C=1.0;class_weight=balanced;penalty=l1,1,1,2.04,1130.66,2.0,9,logistic,9,100,5,,,logistic_start2_every_sample_lambda1,learned,29,3,every_sample,outer_fold,,,0.4,2,inner_accuracy_within_1pp_of_n16_then_min_mean_samples,204,113066,lambda1
0.71,-6.0,3,68,20,sigmoid,86.87112532382105,C=1.0;class_weight=balanced;penalty=l1,1,2,2.04,1130.66,2.0,9,logistic,9,100,5,,,logistic_start2_every_sample_lambda2,learned,29,3,every_sample,outer_fold,,,0.4,2,inner_accuracy_within_1pp_of_n16_then_min_mean_samples,204,113066,lambda2
0.75,-2.0,4,71,19,sigmoid,82.65410746155659,C=1.0;class_weight=balanced;penalty=l1,1,5,2.6,1493.83,2.0,6,logistic,6,100,5,,,logistic_start2_every_sample_lambda5,learned,25,4,every_sample,outer_fold,,,0.15,2,inner_accuracy_within_1pp_of_n16_then_min_mean_samples,260,149383,lambda5
0.76,-1.0,4,72,19,sigmoid,78.1335599935439,C=1.0;class_weight=balanced;penalty=l1,1,10,3.21,1883.14,2.0,5,logistic,5,100,5,,,logistic_start2_every_sample_lambda10,learned,24,4,every_sample,outer_fold,,,0.075,2,inner_accuracy_within_1pp_of_n16_then_min_mean_samples,321,188314,lambda10
0.76,-1.0,4,72,19,sigmoid,77.16758340968019,C=1.0;class_weight=balanced;penalty=l1,1,10,3.3,1966.33,2.0,5,logistic,5,100,5,,,logistic_start2_checkpoint_selected,learned,21,4,checkpoint,outer_fold,,,0.15,2,inner_accuracy_within_1pp_of_n16_then_min_mean_samples,330,196633,selected
0.71,-6.0,3,68,20,sigmoid,86.87112532382105,C=1.0;class_weight=balanced;penalty=l1,1,1,2.04,1130.66,2.0,9,logistic,9,100,5,,,logistic_start2_checkpoint_lambda1,learned,29,3,checkpoint,outer_fold,,,0.7,2,inner_accuracy_within_1pp_of_n16_then_min_mean_samples,204,113066,lambda1
0.71,-6.0,3,68,20,sigmoid,86.87112532382105,C=1.0;class_weight=balanced;penalty=l1,1,2,2.04,1130.66,2.0,9,logistic,9,100,5,,,logistic_start2_checkpoint_lambda2,learned,29,3,checkpoint,outer_fold,,,0.4,2,inner_accuracy_within_1pp_of_n16_then_min_mean_samples,204,113066,lambda2
0.76,-1.0,4,72,19,sigmoid,77.16758340968019,C=1.0;class_weight=balanced;penalty=l1,1,5,3.3,1966.33,2.0,5,logistic,5,100,5,,,logistic_start2_checkpoint_lambda5,learned,21,4,checkpoint,outer_fold,,,0.15,2,inner_accuracy_within_1pp_of_n16_then_min_mean_samples,330,196633,lambda5
0.76,-1.0,4,72,19,sigmoid,77.16758340968019,C=1.0;class_weight=balanced;penalty=l1,1,10,3.3,1966.33,2.0,5,logistic,5,100,5,,,logistic_start2_checkpoint_lambda10,learned,21,4,checkpoint,outer_fold,,,0.15,2,inner_accuracy_within_1pp_of_n16_then_min_mean_samples,330,196633,lambda10
0.76,-1.0,2,74,21,sigmoid,67.48726487776952,C=1.0;class_weight=balanced;penalty=l1,1,5,4.94,2800.0,4.0,3,logistic,3,100,5,,,logistic_start4_every_sample_selected,learned,24,2,every_sample,outer_fold,,,0.075,4,inner_accuracy_within_1pp_of_n16_then_min_mean_samples,494,280000,selected
0.76,-1.0,4,72,19,sigmoid,74.59849675046823,C=1.0;class_weight=balanced;penalty=l1,1,1,4.05,2187.58,4.0,5,logistic,5,100,5,,,logistic_start4_every_sample_lambda1,learned,24,4,every_sample,outer_fold,,,0.4,4,inner_accuracy_within_1pp_of_n16_then_min_mean_samples,405,218758,lambda1
0.75,-2.0,3,72,20,sigmoid,73.67211603330696,C=1.0;class_weight=balanced;penalty=l1,1,2,4.16,2267.36,4.0,5,logistic,5,100,5,,,logistic_start4_every_sample_lambda2,learned,25,3,every_sample,outer_fold,,,0.3,4,inner_accuracy_within_1pp_of_n16_then_min_mean_samples,416,226736,lambda2
0.76,-1.0,2,74,21,sigmoid,67.48726487776952,C=1.0;class_weight=balanced;penalty=l1,1,5,4.94,2800.0,4.0,3,logistic,3,100,5,,,logistic_start4_every_sample_lambda5,learned,24,2,every_sample,outer_fold,,,0.075,4,inner_accuracy_within_1pp_of_n16_then_min_mean_samples,494,280000,lambda5
0.75,-2.0,0,75,23,sigmoid,58.98402347419476,C=1.0;class_weight=balanced;penalty=l1,1,10,6.08,3532.3,4.0,2,logistic,2,100,5,,,logistic_start4_every_sample_lambda10,learned,21,0,every_sample,outer_fold,,,0.03,4,inner_accuracy_within_1pp_of_n16_then_min_mean_samples,608,353230,lambda10
0.75,-2.0,2,73,21,sigmoid,66.54764683273707,C=1.0;class_weight=balanced;penalty=l1,1,10,5.0,2880.92,4.0,4,logistic,4,100,5,,,logistic_start4_checkpoint_selected,learned,21,2,checkpoint,outer_fold,,,0.15,4,inner_accuracy_within_1pp_of_n16_then_min_mean_samples,500,288092,selected
0.76,-1.0,4,72,19,sigmoid,74.00513933448754,C=1.0;class_weight=balanced;penalty=l1,1,1,4.12,2238.68,4.0,5,logistic,5,100,5,,,logistic_start4_checkpoint_lambda1,learned,24,4,checkpoint,outer_fold,,,0.4,4,inner_accuracy_within_1pp_of_n16_then_min_mean_samples,412,223868,lambda1
0.74,-3.0,2,72,21,sigmoid,70.15632819748235,C=1.0;class_weight=balanced;penalty=l1,1,2,4.6,2570.14,4.0,5,logistic,5,100,5,,,logistic_start4_checkpoint_lambda2,learned,24,2,checkpoint,outer_fold,,,0.2,4,inner_accuracy_within_1pp_of_n16_then_min_mean_samples,460,257014,lambda2
0.75,-2.0,2,73,21,sigmoid,66.54764683273707,C=1.0;class_weight=balanced;penalty=l1,1,5,5.0,2880.92,4.0,4,logistic,4,100,5,,,logistic_start4_checkpoint_lambda5,learned,21,2,checkpoint,outer_fold,,,0.15,4,inner_accuracy_within_1pp_of_n16_then_min_mean_samples,500,288092,lambda5
0.75,-2.0,2,73,21,sigmoid,66.54764683273707,C=1.0;class_weight=balanced;penalty=l1,1,10,5.0,2880.92,4.0,4,logistic,4,100,5,,,logistic_start4_checkpoint_lambda10,learned,21,2,checkpoint,outer_fold,,,0.15,4,inner_accuracy_within_1pp_of_n16_then_min_mean_samples,500,288092,lambda10
0.75,-2.0,3,72,20,sigmoid,78.73551006094976,class_weight=balanced;l2_regularization=1.0;learning_rate=0.05;max_leaf_nodes=7,1,10,3.17,1831.3,2.0,5,histgb,5,100,5,,,histgb_start2_every_sample_selected,learned,25,3,every_sample,outer_fold,,,0.1,2,inner_accuracy_within_1pp_of_n16_then_min_mean_samples,317,183130,selected
0.71,-6.0,3,68,20,sigmoid,86.87112532382105,class_weight=balanced;l2_regularization=1.0;learning_rate=0.05;max_leaf_nodes=7,1,1,2.04,1130.66,2.0,9,histgb,9,100,5,,,histgb_start2_every_sample_lambda1,learned,29,3,every_sample,outer_fold,,,0.3,2,inner_accuracy_within_1pp_of_n16_then_min_mean_samples,204,113066,lambda1
0.75,-2.0,4,71,19,sigmoid,83.67860696864031,class_weight=balanced;l2_regularization=1.0;learning_rate=0.05;max_leaf_nodes=7,1,2,2.48,1405.6,2.0,6,histgb,6,100,5,,,histgb_start2_every_sample_lambda2,learned,25,4,every_sample,outer_fold,,,0.2,2,inner_accuracy_within_1pp_of_n16_then_min_mean_samples,248,140560,lambda2
0.75,-2.0,3,72,20,sigmoid,78.73551006094976,class_weight=balanced;l2_regularization=1.0;learning_rate=0.05;max_leaf_nodes=7,1,5,3.17,1831.3,2.0,5,histgb,5,100,5,,,histgb_start2_every_sample_lambda5,learned,25,3,every_sample,outer_fold,,,0.1,2,inner_accuracy_within_1pp_of_n16_then_min_mean_samples,317,183130,lambda5
0.75,-2.0,3,72,20,sigmoid,78.73551006094976,class_weight=balanced;l2_regularization=1.0;learning_rate=0.05;max_leaf_nodes=7,1,10,3.17,1831.3,2.0,5,histgb,5,100,5,,,histgb_start2_every_sample_lambda10,learned,25,3,every_sample,outer_fold,,,0.1,2,inner_accuracy_within_1pp_of_n16_then_min_mean_samples,317,183130,lambda10
0.75,-2.0,3,72,20,sigmoid,73.25769477740968,class_weight=balanced;l2_regularization=1.0;learning_rate=0.05;max_leaf_nodes=7,1,10,3.88,2303.05,2.0,5,histgb,5,100,5,,,histgb_start2_checkpoint_selected,learned,18,3,checkpoint,outer_fold,,,0.1,2,inner_accuracy_within_1pp_of_n16_then_min_mean_samples,388,230305,selected
0.71,-6.0,3,68,20,sigmoid,86.87112532382105,class_weight=balanced;l2_regularization=1.0;learning_rate=0.05;max_leaf_nodes=7,1,1,2.04,1130.66,2.0,9,histgb,9,100,5,,,histgb_start2_checkpoint_lambda1,learned,29,3,checkpoint,outer_fold,,,0.4,2,inner_accuracy_within_1pp_of_n16_then_min_mean_samples,204,113066,lambda1
0.75,-2.0,4,71,19,sigmoid,82.22679722852156,class_weight=balanced;l2_regularization=1.0;learning_rate=0.05;max_leaf_nodes=7,1,2,2.7,1530.63,2.0,6,histgb,6,100,5,,,histgb_start2_checkpoint_lambda2,learned,25,4,checkpoint,outer_fold,,,0.2,2,inner_accuracy_within_1pp_of_n16_then_min_mean_samples,270,153063,lambda2
0.75,-2.0,3,72,20,sigmoid,73.25769477740968,class_weight=balanced;l2_regularization=1.0;learning_rate=0.05;max_leaf_nodes=7,1,5,3.88,2303.05,2.0,5,histgb,5,100,5,,,histgb_start2_checkpoint_lambda5,learned,18,3,checkpoint,outer_fold,,,0.1,2,inner_accuracy_within_1pp_of_n16_then_min_mean_samples,388,230305,lambda5
0.75,-2.0,3,72,20,sigmoid,73.25769477740968,class_weight=balanced;l2_regularization=1.0;learning_rate=0.05;max_leaf_nodes=7,1,10,3.88,2303.05,2.0,5,histgb,5,100,5,,,histgb_start2_checkpoint_lambda10,learned,18,3,checkpoint,outer_fold,,,0.1,2,inner_accuracy_within_1pp_of_n16_then_min_mean_samples,388,230305,lambda10
0.75,-2.0,2,73,21,sigmoid,68.8388657235651,class_weight=balanced;l2_regularization=1.0;learning_rate=0.05;max_leaf_nodes=7,1,5,4.87,2683.6,4.0,4,histgb,4,100,5,,,histgb_start4_every_sample_selected,learned,25,2,every_sample,outer_fold,,,0.1,4,inner_accuracy_within_1pp_of_n16_then_min_mean_samples,487,268360,selected
0.75,-2.0,4,71,19,sigmoid,75.08212368541142,class_weight=balanced;l2_regularization=1.0;learning_rate=0.05;max_leaf_nodes=7,1,1,4.0,2145.93,4.0,6,histgb,6,100,5,,,histgb_start4_every_sample_lambda1,learned,25,4,every_sample,outer_fold,,,0.3,4,inner_accuracy_within_1pp_of_n16_then_min_mean_samples,400,214593,lambda1
0.75,-2.0,2,73,21,sigmoid,68.8388657235651,class_weight=balanced;l2_regularization=1.0;learning_rate=0.05;max_leaf_nodes=7,1,2,4.87,2683.6,4.0,4,histgb,4,100,5,,,histgb_start4_every_sample_lambda2,learned,25,2,every_sample,outer_fold,,,0.1,4,inner_accuracy_within_1pp_of_n16_then_min_mean_samples,487,268360,lambda2
0.75,-2.0,2,73,21,sigmoid,68.8388657235651,class_weight=balanced;l2_regularization=1.0;learning_rate=0.05;max_leaf_nodes=7,1,5,4.87,2683.6,4.0,4,histgb,4,100,5,,,histgb_start4_every_sample_lambda5,learned,25,2,every_sample,outer_fold,,,0.1,4,inner_accuracy_within_1pp_of_n16_then_min_mean_samples,487,268360,lambda5
0.74,-3.0,2,72,21,sigmoid,65.72263617901048,class_weight=balanced;l2_regularization=1.0;learning_rate=0.05;max_leaf_nodes=7,1,10,5.26,2951.97,4.0,5,histgb,5,100,5,,,histgb_start4_every_sample_lambda10,learned,25,2,every_sample,outer_fold,,,0.05,4,inner_accuracy_within_1pp_of_n16_then_min_mean_samples,526,295197,lambda10
0.76,-1.0,2,74,21,sigmoid,67.52662851064966,class_weight=balanced;l2_regularization=1.0;learning_rate=0.05;max_leaf_nodes=7,1,2,5.0,2796.61,4.0,3,histgb,3,100,5,,,histgb_start4_checkpoint_selected,learned,23,2,checkpoint,outer_fold,,,0.15,4,inner_accuracy_within_1pp_of_n16_then_min_mean_samples,500,279661,selected
0.75,-2.0,4,71,19,sigmoid,75.08212368541142,class_weight=balanced;l2_regularization=1.0;learning_rate=0.05;max_leaf_nodes=7,1,1,4.0,2145.93,4.0,6,histgb,6,100,5,,,histgb_start4_checkpoint_lambda1,learned,25,4,checkpoint,outer_fold,,,0.4,4,inner_accuracy_within_1pp_of_n16_then_min_mean_samples,400,214593,lambda1
0.76,-1.0,2,74,21,sigmoid,67.52662851064966,class_weight=balanced;l2_regularization=1.0;learning_rate=0.05;max_leaf_nodes=7,1,2,5.0,2796.61,4.0,3,histgb,3,100,5,,,histgb_start4_checkpoint_lambda2,learned,23,2,checkpoint,outer_fold,,,0.15,4,inner_accuracy_within_1pp_of_n16_then_min_mean_samples,500,279661,lambda2
0.76,-1.0,2,74,21,sigmoid,62.65668525698413,class_weight=balanced;l2_regularization=1.0;learning_rate=0.05;max_leaf_nodes=7,1,5,5.68,3216.01,4.0,3,histgb,3,100,5,,,histgb_start4_checkpoint_lambda5,learned,17,2,checkpoint,outer_fold,,,0.1,4,inner_accuracy_within_1pp_of_n16_then_min_mean_samples,568,321601,lambda5
0.76,-1.0,2,74,21,sigmoid,62.65668525698413,class_weight=balanced;l2_regularization=1.0;learning_rate=0.05;max_leaf_nodes=7,1,10,5.68,3216.01,4.0,3,histgb,3,100,5,,,histgb_start4_checkpoint_lambda10,learned,17,2,checkpoint,outer_fold,,,0.1,4,inner_accuracy_within_1pp_of_n16_then_min_mean_samples,568,321601,lambda10
0.72,-6.8,8,352,98,,93.7318122791823,,,,1.0,556.548,1.0,42,none,42,500,all,True,True,fixed_n1,fixed,140,8,,outer_aggregate,nested_question_cv,,,,,500,278274,
0.788,0.0,0,394,106,,0.0,,,,16.0,8878.93,16.0,0,none,0,500,all,True,True,fixed_n16,fixed,0,0,,outer_aggregate,nested_question_cv,,,,,8000,4439465,
0.73,-5.8,10,355,96,,87.36500907203907,,,,2.0,1121.852,2.0,39,none,39,500,all,True,True,fixed_n2,fixed,135,10,,outer_aggregate,nested_question_cv,,,,,1000,560926,
0.748,-4.0,10,364,96,,74.92616790536697,,,,4.0,2226.288,4.0,30,none,30,500,all,False,False,fixed_n4,fixed,126,10,,outer_aggregate,nested_question_cv,,,,,2000,1113144,
0.784,-0.4,11,381,95,,50.1475740883192,,,,8.0,4426.362,8.0,13,none,13,500,all,False,False,fixed_n8,fixed,108,11,,outer_aggregate,nested_question_cv,,,,,4000,2213181,
0.754,-3.4,12,365,94,,79.4348868613673,,,,2.808,1825.962,2.0,29,histgb,29,500,all,False,False,histgb_start2_checkpoint_lambda1,learned,112,12,checkpoint,outer_aggregate,nested_question_cv,,,2,,1404,912981,lambda1
0.768,-2.0,5,379,101,,60.050479055471776,,,,5.568,3547.09,4.0,15,histgb,15,500,all,False,False,histgb_start2_checkpoint_lambda10,learned,70,5,checkpoint,outer_aggregate,nested_question_cv,,,2,,2784,1773545,lambda10
0.762,-2.6,12,369,94,,77.45054865845322,,,,3.104,2002.15,2.0,25,histgb,25,500,all,False,False,histgb_start2_checkpoint_lambda2,learned,108,12,checkpoint,outer_aggregate,nested_question_cv,,,2,,1552,1001075,lambda2
0.774,-1.4,10,377,96,,71.5917796401143,,,,3.896,2522.346,2.0,17,histgb,17,500,all,False,False,histgb_start2_checkpoint_lambda5,learned,85,10,checkpoint,outer_aggregate,nested_question_cv,,,2,,1948,1261173,lambda5
0.768,-2.0,7,377,99,,67.35039019341295,,,,4.512,2898.936,2.0,17,histgb,17,500,all,False,False,histgb_start2_checkpoint_selected,learned,81,7,checkpoint,outer_aggregate,nested_question_cv,,,2,,2256,1449468,selected
0.752,-3.6,11,365,95,,82.01814858321892,,,,2.544,1596.596,2.0,29,histgb,29,500,all,False,False,histgb_start2_every_sample_lambda1,learned,119,11,every_sample,outer_aggregate,nested_question_cv,,,2,,1272,798298,lambda1
0.77,-1.8,6,379,100,,68.332152635509,,,,4.41,2811.766,3.0,15,histgb,15,500,all,False,False,histgb_start2_every_sample_lambda10,learned,97,6,every_sample,outer_aggregate,nested_question_cv,,,2,,2205,1405883,lambda10
0.774,-1.4,11,376,95,,78.80638770662681,,,,2.994,1881.766,2.0,18,histgb,18,500,all,True,True,histgb_start2_every_sample_lambda2,learned,108,11,every_sample,outer_aggregate,nested_question_cv,,,2,,1497,940883,lambda2
0.772,-1.6,9,377,97,,75.92414851789574,,,,3.358,2137.678,2.0,17,histgb,17,500,all,False,False,histgb_start2_every_sample_lambda5,learned,108,9,every_sample,outer_aggregate,nested_question_cv,,,2,,1679,1068839,lambda5
0.768,-2.0,7,377,99,,72.83048745738508,,,,3.794,2412.362,2.0,17,histgb,17,500,all,False,False,histgb_start2_every_sample_selected,learned,102,7,every_sample,outer_aggregate,nested_question_cv,,,2,,1897,1206181,selected
0.774,-1.4,11,376,95,,68.26937480079243,,,,4.696,2817.34,4.0,18,histgb,18,500,all,False,False,histgb_start4_checkpoint_lambda1,learned,102,11,checkpoint,outer_aggregate,nested_question_cv,,,4,,2348,1408670,lambda1
0.774,-1.4,5,382,101,,59.598037150872905,,,,5.848,3587.262,4.0,12,histgb,12,500,all,False,False,histgb_start4_checkpoint_lambda10,learned,78,5,checkpoint,outer_aggregate,nested_question_cv,,,4,,2924,1793631,lambda10
0.774,-1.4,9,378,97,,66.00637689451318,,,,5.016,3018.27,4.0,16,histgb,16,500,all,False,False,histgb_start4_checkpoint_lambda2,learned,100,9,checkpoint,outer_aggregate,nested_question_cv,,,4,,2508,1509135,lambda2
0.78,-0.8,8,382,98,,62.1769515020391,,,,5.528,3358.282,4.0,12,histgb,12,500,all,False,False,histgb_start4_checkpoint_lambda5,learned,82,8,checkpoint,outer_aggregate,nested_question_cv,,,4,,2764,1679141,lambda5
0.774,-1.4,5,382,101,,60.95847134733576,,,,5.664,3466.47,4.0,12,histgb,12,500,all,False,False,histgb_start4_checkpoint_selected,learned,85,5,checkpoint,outer_aggregate,nested_question_cv,,,4,,2832,1733235,selected
0.772,-1.6,12,374,94,,70.89133487931541,,,,4.416,2584.538,4.0,20,histgb,20,500,all,False,False,histgb_start4_every_sample_lambda1,learned,109,12,every_sample,outer_aggregate,nested_question_cv,,,4,,2208,1292269,lambda1
0.768,-2.0,4,380,102,,61.81591700801785,,,,5.586,3390.338,4.0,14,histgb,14,500,all,False,False,histgb_start4_every_sample_lambda10,learned,97,4,every_sample,outer_aggregate,nested_question_cv,,,4,,2793,1695169,lambda10
0.778,-1.0,10,379,96,,68.40198086931646,,,,4.762,2805.566,4.0,15,histgb,15,500,all,False,False,histgb_start4_every_sample_lambda2,learned,106,10,every_sample,outer_aggregate,nested_question_cv,,,4,,2381,1402783,lambda2
0.768,-2.0,4,380,102,,66.38788682870572,,,,5.026,2984.396,4.0,14,histgb,14,500,all,False,False,histgb_start4_every_sample_lambda5,learned,110,4,every_sample,outer_aggregate,nested_question_cv,,,4,,2513,1492198,lambda5
0.772,-1.6,7,379,99,,64.97391014457823,,,,5.152,3109.942,4.0,15,histgb,15,500,all,False,False,histgb_start4_every_sample_selected,learned,100,7,every_sample,outer_aggregate,nested_question_cv,,,4,,2576,1554971,selected
0.75,-3.8,10,365,96,,80.77890016026706,,,,2.672,1706.628,2.0,29,logistic,29,500,all,False,False,logistic_start2_checkpoint_lambda1,learned,114,10,checkpoint,outer_aggregate,nested_question_cv,,,2,,1336,853314,lambda1
0.776,-1.2,7,381,99,,65.23164390303786,,,,4.756,3087.058,2.0,13,logistic,13,500,all,False,False,logistic_start2_checkpoint_lambda10,learned,71,7,checkpoint,outer_aggregate,nested_question_cv,,,2,,2378,1543529,lambda10
0.754,-3.4,9,368,97,,79.13336404273939,,,,2.916,1852.734,2.0,26,logistic,26,500,all,False,False,logistic_start2_checkpoint_lambda2,learned,112,9,checkpoint,outer_aggregate,nested_question_cv,,,2,,1458,926367,lambda2
0.768,-2.0,10,374,96,,75.16826914954842,,,,3.44,2204.792,2.0,20,logistic,20,500,all,False,False,logistic_start2_checkpoint_lambda5,learned,96,10,checkpoint,outer_aggregate,nested_question_cv,,,2,,1720,1102396,lambda5
0.776,-1.2,7,381,99,,65.23164390303786,,,,4.756,3087.058,2.0,13,logistic,13,500,all,False,False,logistic_start2_checkpoint_selected,learned,71,7,checkpoint,outer_aggregate,nested_question_cv,,,2,,2378,1543529,selected
0.754,-3.4,11,366,95,,82.14789394668051,,,,2.54,1585.076,2.0,28,logistic,28,500,all,True,True,logistic_start2_every_sample_lambda1,learned,118,11,every_sample,outer_aggregate,nested_question_cv,,,2,,1270,792538,lambda1
0.776,-1.2,8,380,98,,69.58888064214945,,,,4.186,2700.182,2.0,14,logistic,14,500,all,False,False,logistic_start2_every_sample_lambda10,learned,94,8,every_sample,outer_aggregate,nested_question_cv,,,2,,2093,1350091,lambda10
0.756,-3.2,9,369,97,,80.95110559493092,,,,2.704,1691.338,2.0,25,logistic,25,500,all,True,True,logistic_start2_every_sample_lambda2,learned,117,9,every_sample,outer_aggregate,nested_question_cv,,,2,,1352,845669,lambda2
0.774,-1.4,11,376,95,,78.49785953938144,,,,3.036,1909.16,2.0,18,logistic,18,500,all,False,False,logistic_start2_every_sample_lambda5,learned,108,11,every_sample,outer_aggregate,nested_question_cv,,,2,,1518,954580,lambda5
0.776,-1.2,8,380,98,,70.11905713864171,,,,4.12,2653.108,2.0,14,logistic,14,500,all,False,False,logistic_start2_every_sample_selected,learned,94,8,every_sample,outer_aggregate,nested_question_cv,,,2,,2060,1326554,selected
0.762,-2.6,10,371,96,,69.72849205929093,,,,4.52,2687.786,4.0,23,logistic,23,500,all,False,False,logistic_start4_checkpoint_lambda1,learned,107,10,checkpoint,outer_aggregate,nested_question_cv,,,4,,2260,1343893,lambda1
0.778,-1.0,4,385,102,,56.87662815226609,,,,6.192,3828.894,4.0,9,logistic,9,500,all,False,False,logistic_start4_checkpoint_lambda10,learned,68,4,checkpoint,outer_aggregate,nested_question_cv,,,4,,3096,1914447,lambda10
0.772,-1.6,9,377,97,,66.87704486914528,,,,4.904,2940.964,4.0,17,logistic,17,500,all,False,False,logistic_start4_checkpoint_lambda2,learned,100,9,checkpoint,outer_aggregate,nested_question_cv,,,4,,2452,1470482,lambda2
0.77,-1.8,7,378,99,,64.21951744185392,,,,5.216,3176.924,4.0,16,logistic,16,500,all,False,False,logistic_start4_checkpoint_lambda5,learned,91,7,checkpoint,outer_aggregate,nested_question_cv,,,4,,2608,1588462,lambda5
0.768,-2.0,5,379,101,,62.489444110945804,,,,5.44,3330.536,4.0,15,logistic,15,500,all,False,False,logistic_start4_checkpoint_selected,learned,89,5,checkpoint,outer_aggregate,nested_question_cv,,,4,,2720,1665268,selected
0.764,-2.4,10,372,96,,70.79686403654495,,,,4.428,2592.926,4.0,22,logistic,22,500,all,False,False,logistic_start4_every_sample_lambda1,learned,113,10,every_sample,outer_aggregate,nested_question_cv,,,4,,2214,1296463,lambda1
0.778,-1.0,4,385,102,,60.315848869176804,,,,5.802,3523.528,4.0,9,logistic,9,500,all,False,False,logistic_start4_every_sample_lambda10,learned,95,4,every_sample,outer_aggregate,nested_question_cv,,,4,,2901,1761764,lambda10
0.77,-1.8,10,375,96,,69.31179770535414,,,,4.612,2724.784,4.0,19,logistic,19,500,all,False,False,logistic_start4_every_sample_lambda2,learned,110,10,every_sample,outer_aggregate,nested_question_cv,,,4,,2306,1362392,lambda2
0.778,-1.0,8,381,98,,65.53909085892107,,,,5.1,3059.76,4.0,13,logistic,13,500,all,False,False,logistic_start4_every_sample_lambda5,learned,103,8,every_sample,outer_aggregate,nested_question_cv,,,4,,2550,1529880,lambda5
0.77,-1.8,8,377,98,,67.31736819639303,,,,4.87,2901.868,4.0,17,logistic,17,500,all,False,False,logistic_start4_every_sample_selected,learned,107,8,every_sample,outer_aggregate,nested_question_cv,,,4,,2435,1450934,selected
0.776,-1.2,9,379,97,,74.64032265149066,,,,3.538,2251.668,2.0,15,none,15,500,all,True,True,simple_consensus,simple_threshold,85,9,,outer_aggregate,nested_question_cv,,,,,1769,1125834,
0.78,-0.8,5,385,101,,64.44404900139995,,,,5.006,3156.988,2.0,9,none,9,500,all,False,False,simple_entropy,simple_threshold,63,5,,outer_aggregate,nested_question_cv,,,,,2503,1578494,
0.784,-0.4,9,383,97,,71.15517297692402,,,,4.038,2561.112,2.0,11,none,11,500,all,True,True,simple_margin,simple_threshold,73,9,,outer_aggregate,nested_question_cv,,,,,2019,1280556,
0.742,-4.6,10,361,96,,79.89030209721216,,,,2.974,1785.526,2.0,33,none,33,500,all,False,False,simple_stability,simple_threshold,125,10,,outer_aggregate,nested_question_cv,,,,,1487,892763,
