accuracy,both_correct,both_wrong,calibration,feature_group,hyperparameters,inner_loss,lambda_miss,margin_rule,mean_samples,mean_tokens,median_samples,missed_recoveries,model,n16_only_correct,n_questions,outer_fold,pareto_efficient_samples,pareto_efficient_tokens,policy_id,policy_only_correct,policy_type,premature_stopping_errors,regressions_avoided,sample_reduction_vs_n16_pct,schedule,scope,selected_on,selected_tau,start_prefix,token_reduction_vs_n16_pct,total_samples,total_tokens,unnecessary_continuations
0.72,,,,,,,,,1.0,556.548,1.0,42,none,,,all,True,True,fixed_n1,,fixed,140,8,93.75,,outer_aggregate,Phase2_nested_question_cv,,,93.7318122791823,500,278274,
0.788,,,,,,,,,16.0,8878.93,16.0,0,none,,,all,False,False,fixed_n16,,fixed,0,0,0.0,,outer_aggregate,Phase2_nested_question_cv,,,0.0,8000,4439465,
0.73,,,,,,,,,2.0,1121.852,2.0,39,none,,,all,True,True,fixed_n2,,fixed,135,10,87.5,,outer_aggregate,Phase2_nested_question_cv,,,87.36500907203907,1000,560926,
0.748,,,,,,,,,4.0,2226.288,4.0,30,none,,,all,False,False,fixed_n4,,fixed,126,10,75.0,,outer_aggregate,Phase2_nested_question_cv,,,74.92616790536697,2000,1113144,
0.784,,,,,,,,,8.0,4426.362,8.0,13,none,,,all,False,False,fixed_n8,,fixed,108,11,50.0,,outer_aggregate,Phase2_nested_question_cv,,,50.1475740883192,4000,2213181,
0.776,,,,,,,,,4.12,2653.108,2.0,14,logistic,,,all,False,False,logistic_start2_every_sample_selected,,learned,94,8,74.25,,outer_aggregate,Phase2_nested_question_cv,,,70.11905713864171,2060,1326554,
0.776,,,,,,,,,3.538,2251.668,2.0,15,none,,,all,False,False,simple_consensus,,simple_threshold,85,9,77.8875,,outer_aggregate,Phase2_nested_question_cv,,,74.64032265149066,1769,1125834,
0.78,,,,,,,,,5.006,3156.988,2.0,9,none,,,all,False,False,simple_entropy,,simple_threshold,63,5,68.7125,,outer_aggregate,Phase2_nested_question_cv,,,64.44404900139995,2503,1578494,
0.784,,,,,,,,,4.038,2561.112,2.0,11,none,,,all,True,True,simple_margin,,simple_threshold,73,9,74.7625,,outer_aggregate,Phase2_nested_question_cv,,,71.15517297692402,2019,1280556,
0.742,,,,,,,,,2.974,1785.526,2.0,33,none,,,all,False,True,simple_stability,,simple_threshold,125,10,81.4125,,outer_aggregate,Phase2_nested_question_cv,,,79.89030209721216,1487,892763,
0.776,376,94,,G_original_plus_trajectory,,,2,,2.96,1860.32,2.0,18,logistic,18,500,all,True,True,safe_logistic_start2_every_sample_lambda2,12,safe_stop,108,12,81.5,every_sample,outer_aggregate,inner_oof,,2,79.04792581989047,1480,930160,5
0.778,378,95,,G_original_plus_trajectory,,,5,,3.276,2100.194,2.0,16,logistic,16,500,all,True,True,safe_logistic_start2_every_sample_lambda5,11,safe_stop,106,11,79.525,every_sample,outer_aggregate,inner_oof,,2,76.34631650435357,1638,1050097,6
0.77,383,104,,G_original_plus_trajectory,,,10,,4.952,3272.48,3.0,11,logistic,11,500,all,False,False,safe_logistic_start2_every_sample_lambda10,2,safe_stop,83,2,69.05,every_sample,outer_aggregate,inner_oof,,2,63.1433066822241,2476,1636240,34
0.788,393,105,,G_original_plus_trajectory,,,20,,6.68,4305.098,4.0,1,logistic,1,500,all,False,False,safe_logistic_start2_every_sample_lambda20,1,safe_stop,54,1,58.25,every_sample,outer_aggregate,inner_oof,,2,51.51332424064612,3340,2152549,63
0.772,377,97,,G_original_plus_trajectory,,,2,,3.384,2170.568,2.0,17,logistic,17,500,all,False,False,safe_logistic_start2_checkpoint_lambda2,9,safe_stop,92,9,78.85,checkpoint,outer_aggregate,inner_oof,,2,75.55372100016557,1692,1085284,28
0.774,379,98,,G_original_plus_trajectory,,,5,,3.7,2406.576,2.0,15,logistic,15,500,all,False,False,safe_logistic_start2_checkpoint_lambda5,8,safe_stop,84,8,76.875,checkpoint,outer_aggregate,inner_oof,,2,72.89565296719312,1850,1203288,35
0.78,384,100,,G_original_plus_trajectory,,,10,,4.656,3139.164,2.0,10,logistic,10,500,all,False,False,safe_logistic_start2_checkpoint_lambda10,6,safe_stop,61,6,70.9,checkpoint,outer_aggregate,inner_oof,,2,64.64479391097801,2328,1569582,70
0.782,390,105,,G_original_plus_trajectory,,,20,,6.96,4511.84,4.0,4,logistic,4,500,all,False,False,safe_logistic_start2_checkpoint_lambda20,1,safe_stop,38,1,56.49999999999999,checkpoint,outer_aggregate,inner_oof,,2,49.184867996481564,3480,2255920,111
0.782,380,95,,G_original_plus_trajectory,,,2,,4.75,2812.194,4.0,14,logistic,14,500,all,False,False,safe_logistic_start4_every_sample_lambda2,11,safe_stop,105,11,70.3125,every_sample,outer_aggregate,inner_oof,,4,68.32733223485262,2375,1406097,5
0.782,384,99,,G_original_plus_trajectory,,,5,,5.196,3132.866,4.0,10,logistic,10,500,all,False,False,safe_logistic_start4_every_sample_lambda5,7,safe_stop,104,7,67.525,every_sample,outer_aggregate,inner_oof,,4,64.71572588138436,2598,1566433,7
0.78,389,105,,G_original_plus_trajectory,,,10,,6.102,3784.186,4.0,5,logistic,5,500,all,False,False,safe_logistic_start4_every_sample_lambda10,1,safe_stop,86,1,61.8625,every_sample,outer_aggregate,inner_oof,,4,57.38015729372796,3051,1892093,27
0.784,392,106,,G_original_plus_trajectory,,,20,,6.766,4282.654,4.0,2,logistic,2,500,all,False,False,safe_logistic_start4_every_sample_lambda20,0,safe_stop,59,0,57.7125,every_sample,outer_aggregate,inner_oof,,4,51.766102447029084,3383,2141327,59
0.778,381,98,,G_original_plus_trajectory,,,2,,5.104,3096.998,4.0,13,logistic,13,500,all,False,False,safe_logistic_start4_checkpoint_lambda2,8,safe_stop,85,8,68.10000000000001,checkpoint,outer_aggregate,inner_oof,,4,65.11969347657882,2552,1548499,33
0.78,383,99,,G_original_plus_trajectory,,,5,,5.432,3313.152,4.0,11,logistic,11,500,all,False,False,safe_logistic_start4_checkpoint_lambda5,7,safe_stop,78,7,66.05,checkpoint,outer_aggregate,inner_oof,,4,62.68523346844721,2716,1656576,41
0.784,388,102,,G_original_plus_trajectory,,,10,,6.144,3852.236,4.0,6,logistic,6,500,all,False,False,safe_logistic_start4_checkpoint_lambda10,4,safe_stop,59,4,61.6,checkpoint,outer_aggregate,inner_oof,,4,56.61373611459939,3072,1926118,67
0.786,392,105,,G_original_plus_trajectory,,,20,,6.968,4409.368,4.0,2,logistic,2,500,all,False,False,safe_logistic_start4_checkpoint_lambda20,1,safe_stop,42,1,56.45,checkpoint,outer_aggregate,inner_oof,,4,50.33897102466176,3484,2204684,97
0.776,376,94,,G_original_plus_trajectory,,,2,,3.178,2056.488,2.0,18,histgb,18,500,all,False,False,safe_histgb_start2_every_sample_lambda2,12,safe_stop,108,12,80.13749999999999,every_sample,outer_aggregate,inner_oof,,2,76.83856050222268,1589,1028244,4
0.776,380,98,,G_original_plus_trajectory,,,5,,3.544,2333.302,2.0,14,histgb,14,500,all,False,False,safe_histgb_start2_every_sample_lambda5,8,safe_stop,106,8,77.85,every_sample,outer_aggregate,inner_oof,,2,73.72091006461365,1772,1166651,6
0.772,382,102,,G_original_plus_trajectory,,,10,,5.03,3343.906,3.0,12,histgb,12,500,all,False,False,safe_histgb_start2_every_sample_lambda10,4,safe_stop,82,4,68.5625,every_sample,outer_aggregate,inner_oof,,2,62.33886290352554,2515,1671953,35
0.782,391,106,,G_original_plus_trajectory,,,20,,6.646,4297.972,5.0,3,histgb,3,500,all,False,False,safe_histgb_start2_every_sample_lambda20,0,safe_stop,64,0,58.46249999999999,every_sample,outer_aggregate,inner_oof,,2,51.59358165905126,3323,2148986,55
0.774,380,99,,G_original_plus_trajectory,,,2,,3.832,2544.644,2.0,14,histgb,14,500,all,False,False,safe_histgb_start2_checkpoint_lambda2,7,safe_stop,82,7,76.05,checkpoint,outer_aggregate,inner_oof,,2,71.34064577601129,1916,1272322,39
0.776,381,99,,G_original_plus_trajectory,,,5,,4.124,2737.926,2.0,13,histgb,13,500,all,False,False,safe_histgb_start2_checkpoint_lambda5,7,safe_stop,76,7,74.22500000000001,checkpoint,outer_aggregate,inner_oof,,2,69.16378437491906,2062,1368963,47
0.782,387,102,,G_original_plus_trajectory,,,10,,5.488,3713.73,2.0,7,histgb,7,500,all,False,False,safe_histgb_start2_checkpoint_lambda10,4,safe_stop,52,4,65.7,checkpoint,outer_aggregate,inner_oof,,2,58.17367633262116,2744,1856865,89
0.784,390,104,,G_original_plus_trajectory,,,20,,6.796,4492.684,4.0,4,histgb,4,500,all,False,False,safe_histgb_start2_checkpoint_lambda20,2,safe_stop,38,2,57.525000000000006,checkpoint,outer_aggregate,inner_oof,,2,49.40061471370987,3398,2246342,111
0.776,378,96,,G_original_plus_trajectory,,,2,,4.864,2919.658,4.0,16,histgb,16,500,all,False,False,safe_histgb_start4_every_sample_lambda2,10,safe_stop,108,10,69.6,every_sample,outer_aggregate,inner_oof,,4,67.11700621583907,2432,1459829,4
0.78,383,99,,G_original_plus_trajectory,,,5,,5.27,3215.19,4.0,11,histgb,11,500,all,False,False,safe_histgb_start4_every_sample_lambda5,7,safe_stop,104,7,67.0625,every_sample,outer_aggregate,inner_oof,,4,63.78854208784166,2635,1607595,7
0.78,386,102,,G_original_plus_trajectory,,,10,,6.234,3944.336,4.0,8,histgb,8,500,all,False,False,safe_histgb_start4_every_sample_lambda10,4,safe_stop,77,4,61.0375,every_sample,outer_aggregate,inner_oof,,4,55.57644896400805,3117,1972168,37
0.784,390,104,,G_original_plus_trajectory,,,20,,6.662,4227.948,4.0,4,histgb,4,500,all,False,False,safe_histgb_start4_every_sample_lambda20,2,safe_stop,70,2,58.362500000000004,every_sample,outer_aggregate,inner_oof,,4,52.382235246814645,3331,2113974,47
0.78,384,100,,G_original_plus_trajectory,,,2,,5.464,3357.89,4.0,10,histgb,10,500,all,False,False,safe_histgb_start4_checkpoint_lambda2,6,safe_stop,77,6,65.85,checkpoint,outer_aggregate,inner_oof,,4,62.18136644843466,2732,1678945,43
0.782,386,101,,G_original_plus_trajectory,,,5,,5.616,3465.68,4.0,8,histgb,8,500,all,False,False,safe_histgb_start4_checkpoint_lambda5,5,safe_stop,73,5,64.9,checkpoint,outer_aggregate,inner_oof,,4,60.96736881583704,2808,1732840,46
0.782,389,104,,G_original_plus_trajectory,,,10,,6.736,4308.952,4.0,5,histgb,5,500,all,False,False,safe_histgb_start4_checkpoint_lambda10,2,safe_stop,51,2,57.9,checkpoint,outer_aggregate,inner_oof,,4,51.46991810950193,3368,2154476,90
0.786,392,105,,G_original_plus_trajectory,,,20,,7.272,4677.392,4.0,2,histgb,2,500,all,False,False,safe_histgb_start4_checkpoint_lambda20,1,safe_stop,36,1,54.55,checkpoint,outer_aggregate,inner_oof,,4,47.320319002402314,3636,2338696,112
0.784,383,97,,G_original_plus_trajectory,,,2,,4.076,2592.918,2.0,11,logistic,11,500,all,False,False,hybrid_logistic_start2_every_sample_lambda2,9,hybrid_margin_risk,72,9,74.52499999999999,every_sample,outer_aggregate,inner_oof,,2,70.79695413749178,2038,1296459,57
0.782,383,98,,G_original_plus_trajectory,,,5,,4.144,2656.362,2.0,11,logistic,11,500,all,False,False,hybrid_logistic_start2_every_sample_lambda5,8,hybrid_margin_risk,71,8,74.1,every_sample,outer_aggregate,inner_oof,,2,70.08240857851116,2072,1328181,58
0.782,385,100,,G_original_plus_trajectory,,,10,,4.678,3054.034,2.0,9,logistic,9,500,all,False,False,hybrid_logistic_start2_every_sample_lambda10,6,hybrid_margin_risk,62,6,70.76249999999999,every_sample,outer_aggregate,inner_oof,,2,65.60358061162775,2339,1527017,68
0.788,393,105,,G_original_plus_trajectory,,,20,,6.794,4390.874,4.0,1,logistic,1,500,all,False,False,hybrid_logistic_start2_every_sample_lambda20,1,hybrid_margin_risk,40,1,57.537499999999994,every_sample,outer_aggregate,inner_oof,,2,50.54726188853837,3397,2195437,94
0.782,383,98,,G_original_plus_trajectory,,,2,,4.328,2813.06,2.0,11,logistic,11,500,all,False,False,hybrid_logistic_start2_checkpoint_lambda2,8,hybrid_margin_risk,66,8,72.95,checkpoint,outer_aggregate,inner_oof,,2,68.3175788073563,2164,1406530,74
0.78,383,99,,G_original_plus_trajectory,,,5,,4.396,2875.354,2.0,11,logistic,11,500,all,False,False,hybrid_logistic_start2_checkpoint_lambda5,7,hybrid_margin_risk,65,7,72.52499999999999,checkpoint,outer_aggregate,inner_oof,,2,67.61598525948509,2198,1437677,75
0.778,383,100,,G_original_plus_trajectory,,,10,,4.644,3082.53,2.0,11,logistic,11,500,all,False,False,hybrid_logistic_start2_checkpoint_lambda10,6,hybrid_margin_risk,59,6,70.975,checkpoint,outer_aggregate,inner_oof,,2,65.28264103895403,2322,1541265,82
0.782,390,105,,G_original_plus_trajectory,,,20,,7.072,4580.378,4.0,4,logistic,4,500,all,False,False,hybrid_logistic_start2_checkpoint_lambda20,1,hybrid_margin_risk,36,1,55.800000000000004,checkpoint,outer_aggregate,inner_oof,,2,48.412950659595246,3536,2290189,118
0.79,390,101,,G_original_plus_trajectory,,,2,,6.156,3795.772,4.0,4,logistic,4,500,all,True,True,hybrid_logistic_start4_every_sample_lambda2,5,hybrid_margin_risk,56,5,61.525000000000006,every_sample,outer_aggregate,inner_oof,,4,57.24966859745487,3078,1897886,74
0.788,390,102,,G_original_plus_trajectory,,,5,,6.18,3818.128,4.0,4,logistic,4,500,all,False,False,hybrid_logistic_start4_every_sample_lambda5,4,hybrid_margin_risk,56,4,61.375,every_sample,outer_aggregate,inner_oof,,4,56.997881501487235,3090,1909064,74
0.788,390,102,,G_original_plus_trajectory,,,10,,6.218,3847.62,4.0,4,logistic,4,500,all,False,False,hybrid_logistic_start4_every_sample_lambda10,4,hybrid_margin_risk,56,4,61.1375,every_sample,outer_aggregate,inner_oof,,4,56.66572436093088,3109,1923810,75
0.786,392,105,,G_original_plus_trajectory,,,20,,6.936,4366.968,4.0,2,logistic,2,500,all,False,False,hybrid_logistic_start4_every_sample_lambda20,1,hybrid_margin_risk,46,1,56.65,every_sample,outer_aggregate,inner_oof,,4,50.816506042957876,3468,2183484,91
0.79,390,101,,G_original_plus_trajectory,,,2,,6.52,4102.66,4.0,4,logistic,4,500,all,False,False,hybrid_logistic_start4_checkpoint_lambda2,5,hybrid_margin_risk,45,5,59.25,checkpoint,outer_aggregate,inner_oof,,4,53.79330617540627,3260,2051330,98
0.788,390,102,,G_original_plus_trajectory,,,5,,6.544,4125.016,4.0,4,logistic,4,500,all,False,False,hybrid_logistic_start4_checkpoint_lambda5,4,hybrid_margin_risk,45,4,59.099999999999994,checkpoint,outer_aggregate,inner_oof,,4,53.54151907943863,3272,2062508,98
0.788,390,102,,G_original_plus_trajectory,,,10,,6.544,4125.016,4.0,4,logistic,4,500,all,False,False,hybrid_logistic_start4_checkpoint_lambda10,4,hybrid_margin_risk,45,4,59.099999999999994,checkpoint,outer_aggregate,inner_oof,,4,53.54151907943863,3272,2062508,98
0.786,390,103,,G_original_plus_trajectory,,,20,,7.04,4462.67,4.0,4,logistic,4,500,all,False,False,hybrid_logistic_start4_checkpoint_lambda20,3,hybrid_margin_risk,40,3,56.00000000000001,checkpoint,outer_aggregate,inner_oof,,4,49.73865094104808,3520,2231335,110
0.78,383,99,,G_original_plus_trajectory,,,2,,4.358,2863.694,2.0,11,histgb,11,500,all,False,False,hybrid_histgb_start2_every_sample_lambda2,7,hybrid_margin_risk,67,7,72.7625,every_sample,outer_aggregate,inner_oof,,2,67.74730738951654,2179,1431847,63
0.78,383,99,,G_original_plus_trajectory,,,5,,4.358,2863.694,2.0,11,histgb,11,500,all,False,False,hybrid_histgb_start2_every_sample_lambda5,7,hybrid_margin_risk,67,7,72.7625,every_sample,outer_aggregate,inner_oof,,2,67.74730738951654,2179,1431847,63
0.78,384,100,,G_original_plus_trajectory,,,10,,5.154,3431.344,3.0,10,histgb,10,500,all,False,False,hybrid_histgb_start2_every_sample_lambda10,6,hybrid_margin_risk,54,6,67.7875,every_sample,outer_aggregate,inner_oof,,2,61.35408207971005,2577,1715672,78
0.782,391,106,,G_original_plus_trajectory,,,20,,7.11,4591.268,5.0,3,histgb,3,500,all,False,False,hybrid_histgb_start2_every_sample_lambda20,0,hybrid_margin_risk,37,0,55.5625,every_sample,outer_aggregate,inner_oof,,2,48.290300745697955,3555,2295634,101
0.778,383,100,,G_original_plus_trajectory,,,2,,4.604,3074.018,2.0,11,histgb,11,500,all,False,False,hybrid_histgb_start2_checkpoint_lambda2,6,hybrid_margin_risk,62,6,71.22500000000001,checkpoint,outer_aggregate,inner_oof,,2,65.37850844640063,2302,1537009,80
0.776,383,101,,G_original_plus_trajectory,,,5,,4.852,3281.126,2.0,11,histgb,11,500,all,False,False,hybrid_histgb_start2_checkpoint_lambda5,5,hybrid_margin_risk,56,5,69.675,checkpoint,outer_aggregate,inner_oof,,2,63.04593008391777,2426,1640563,88
0.776,383,101,,G_original_plus_trajectory,,,10,,4.916,3327.344,2.0,11,histgb,11,500,all,False,False,hybrid_histgb_start2_checkpoint_lambda10,5,hybrid_margin_risk,56,5,69.27499999999999,checkpoint,outer_aggregate,inner_oof,,2,62.52539438873828,2458,1663672,90
0.78,387,103,,G_original_plus_trajectory,,,20,,6.768,4439.32,4.0,7,histgb,7,500,all,False,False,hybrid_histgb_start2_checkpoint_lambda20,3,hybrid_margin_risk,40,3,57.699999999999996,checkpoint,outer_aggregate,inner_oof,,2,50.00163307966163,3384,2219660,115
0.788,390,102,,G_original_plus_trajectory,,,2,,6.26,3894.568,4.0,4,histgb,4,500,all,False,False,hybrid_histgb_start4_every_sample_lambda2,4,hybrid_margin_risk,54,4,60.875,every_sample,outer_aggregate,inner_oof,,4,56.136966954351486,3130,1947284,76
0.788,390,102,,G_original_plus_trajectory,,,5,,6.26,3894.568,4.0,4,histgb,4,500,all,False,False,hybrid_histgb_start4_every_sample_lambda5,4,hybrid_margin_risk,54,4,60.875,every_sample,outer_aggregate,inner_oof,,4,56.136966954351486,3130,1947284,76
0.788,390,102,,G_original_plus_trajectory,,,10,,6.26,3894.568,4.0,4,histgb,4,500,all,False,False,hybrid_histgb_start4_every_sample_lambda10,4,hybrid_margin_risk,54,4,60.875,every_sample,outer_aggregate,inner_oof,,4,56.136966954351486,3130,1947284,76
0.784,390,104,,G_original_plus_trajectory,,,20,,6.854,4330.994,4.0,4,histgb,4,500,all,False,False,hybrid_histgb_start4_every_sample_lambda20,2,hybrid_margin_risk,46,2,57.16250000000001,every_sample,outer_aggregate,inner_oof,,4,51.221667475698084,3427,2165497,89
0.788,390,102,,G_original_plus_trajectory,,,2,,6.544,4125.622,4.0,4,histgb,4,500,all,False,False,hybrid_histgb_start4_checkpoint_lambda2,4,hybrid_margin_risk,46,4,59.099999999999994,checkpoint,outer_aggregate,inner_oof,,4,53.53469393271486,3272,2062811,97
0.788,390,102,,G_original_plus_trajectory,,,5,,6.544,4125.622,4.0,4,histgb,4,500,all,False,False,hybrid_histgb_start4_checkpoint_lambda5,4,hybrid_margin_risk,46,4,59.099999999999994,checkpoint,outer_aggregate,inner_oof,,4,53.53469393271486,3272,2062811,97
0.786,390,103,,G_original_plus_trajectory,,,10,,6.92,4392.632,4.0,4,histgb,4,500,all,False,False,hybrid_histgb_start4_checkpoint_lambda10,3,hybrid_margin_risk,41,3,56.75,checkpoint,outer_aggregate,inner_oof,,4,50.52746220546845,3460,2196316,110
0.784,390,104,,G_original_plus_trajectory,,,20,,7.264,4630.218,4.0,4,histgb,4,500,all,False,False,hybrid_histgb_start4_checkpoint_lambda20,2,hybrid_margin_risk,36,2,54.6,checkpoint,outer_aggregate,inner_oof,,4,47.851621760730175,3632,2315109,120
0.79,77,21,uncalibrated,G_original_plus_trajectory,C=1.0;class_weight=None,0.3418571594505909,2,margin_min2_0.50,3.95,2729.49,2.0,0,logistic,0,100,1,,,hybrid_logistic_start2_every_sample_lambda2,2,hybrid_margin_risk,15,2,75.3125,every_sample,outer_fold,inner_oof,0.5,2,70.55220085209588,395,272949,9
0.78,77,22,uncalibrated,G_original_plus_trajectory,C=1.0;class_weight=None,0.411014942318653,5,margin_min2_0.50,4.29,3046.71,2.0,0,logistic,0,100,1,,,hybrid_logistic_start2_every_sample_lambda5,1,hybrid_margin_risk,14,1,73.1875,every_sample,outer_fold,inner_oof,0.15,2,67.12979196043547,429,304671,10
0.78,77,22,uncalibrated,G_original_plus_trajectory,C=1.0;class_weight=None,0.511014942318653,10,margin_min2_0.50,4.29,3046.71,2.0,0,logistic,0,100,1,,,hybrid_logistic_start2_every_sample_lambda10,1,hybrid_margin_risk,14,1,73.1875,every_sample,outer_fold,inner_oof,0.15,2,67.12979196043547,429,304671,10
0.78,77,22,uncalibrated,G_original_plus_trajectory,C=1.0;class_weight=None,0.5762182946181348,20,margin_min2_0.50,6.19,4338.16,3.0,0,logistic,0,100,1,,,hybrid_logistic_start2_every_sample_lambda20,1,hybrid_margin_risk,10,1,61.31249999999999,every_sample,outer_fold,inner_oof,0.02,2,53.19665419126952,619,433816,15
0.79,77,21,uncalibrated,G_original_plus_trajectory,C=1.0;class_weight=None,0.3560484618971728,2,margin_min2_0.50,4.22,2991.39,2.0,0,logistic,0,100,1,,,hybrid_logistic_start2_checkpoint_lambda2,2,hybrid_margin_risk,14,2,73.625,checkpoint,outer_fold,inner_oof,0.5,2,67.72662589236491,422,299139,13
0.78,77,22,uncalibrated,G_original_plus_trajectory,C=1.0;class_weight=None,0.43724475982570044,5,margin_min2_0.50,4.56,3302.86,2.0,0,logistic,0,100,1,,,hybrid_logistic_start2_checkpoint_lambda5,1,hybrid_margin_risk,13,1,71.50000000000001,checkpoint,outer_fold,inner_oof,0.3,2,64.36625234250846,456,330286,14
0.78,77,22,uncalibrated,G_original_plus_trajectory,C=1.0;class_weight=None,0.5420582740747952,10,margin_min2_0.50,4.56,3302.86,2.0,0,logistic,0,100,1,,,hybrid_logistic_start2_checkpoint_lambda10,1,hybrid_margin_risk,13,1,71.50000000000001,checkpoint,outer_fold,inner_oof,0.15,2,64.36625234250846,456,330286,14
0.77,77,23,uncalibrated,G_original_plus_trajectory,C=1.0;class_weight=None,0.5922988953399986,20,margin_min2_0.50,7.52,5159.4,4.0,0,logistic,0,100,1,,,hybrid_logistic_start2_checkpoint_lambda20,0,hybrid_margin_risk,9,0,53.0,checkpoint,outer_fold,inner_oof,0.03,2,44.336496955952754,752,515940,23
0.79,77,21,uncalibrated,G_original_plus_trajectory,C=1.0;class_weight=None,0.44893331215228494,2,margin_min2_0.50,5.75,3744.07,4.0,0,logistic,0,100,1,,,hybrid_logistic_start4_every_sample_lambda2,2,hybrid_margin_risk,13,2,64.0625,every_sample,outer_fold,inner_oof,0.4,4,59.606145706453084,575,374407,11
0.78,77,22,uncalibrated,G_original_plus_trajectory,C=1.0;class_weight=None,0.47360412193451296,5,margin_min2_0.50,5.87,3855.85,4.0,0,logistic,0,100,1,,,hybrid_logistic_start4_every_sample_lambda5,1,hybrid_margin_risk,13,1,63.31249999999999,every_sample,outer_fold,inner_oof,0.3,4,58.400178661784395,587,385585,11
0.78,77,22,uncalibrated,G_original_plus_trajectory,C=1.0;class_weight=None,0.5111041219345129,10,margin_min2_0.50,5.87,3855.85,4.0,0,logistic,0,100,1,,,hybrid_logistic_start4_every_sample_lambda10,1,hybrid_margin_risk,13,1,63.31249999999999,every_sample,outer_fold,inner_oof,0.3,4,58.400178661784395,587,385585,11
0.78,77,22,uncalibrated,G_original_plus_trajectory,C=1.0;class_weight=None,0.5728059821657849,20,margin_min2_0.50,6.19,4091.72,4.0,0,logistic,0,100,1,,,hybrid_logistic_start4_every_sample_lambda20,1,hybrid_margin_risk,13,1,61.31249999999999,every_sample,outer_fold,inner_oof,0.075,4,55.855434997211105,619,409172,12
0.79,77,21,uncalibrated,G_original_plus_trajectory,C=1.0;class_weight=None,0.4740752735743076,2,margin_min2_0.50,6.08,4055.11,4.0,0,logistic,0,100,1,,,hybrid_logistic_start4_checkpoint_lambda2,2,hybrid_margin_risk,12,2,62.0,checkpoint,outer_fold,inner_oof,0.4,4,56.250411321288055,608,405511,16
0.78,77,22,uncalibrated,G_original_plus_trajectory,C=1.0;class_weight=None,0.5018090793247345,5,margin_min2_0.50,6.2,4166.89,4.0,0,logistic,0,100,1,,,hybrid_logistic_start4_checkpoint_lambda5,1,hybrid_margin_risk,12,1,61.25000000000001,checkpoint,outer_fold,inner_oof,0.3,4,55.044444276619366,620,416689,16
0.78,77,22,uncalibrated,G_original_plus_trajectory,C=1.0;class_weight=None,0.5393090793247345,10,margin_min2_0.50,6.2,4166.89,4.0,0,logistic,0,100,1,,,hybrid_logistic_start4_checkpoint_lambda10,1,hybrid_margin_risk,12,1,61.25000000000001,checkpoint,outer_fold,inner_oof,0.3,4,55.044444276619366,620,416689,16
0.78,77,22,uncalibrated,G_original_plus_trajectory,C=1.0;class_weight=None,0.5675762845138637,20,margin_min2_0.50,6.96,4731.12,4.0,0,logistic,0,100,1,,,hybrid_logistic_start4_checkpoint_lambda20,1,hybrid_margin_risk,11,1,56.49999999999999,checkpoint,outer_fold,inner_oof,0.075,4,48.957104988612464,696,473112,19
0.78,77,22,uncalibrated,G_original_plus_trajectory,class_weight=balanced;l2_regularization=1.0;learning_rate=0.05;max_leaf_nodes=7,0.39078293012474613,2,margin_min2_0.50,4.52,3267.38,2.0,0,histgb,0,100,1,,,hybrid_histgb_start2_every_sample_lambda2,1,hybrid_margin_risk,13,1,71.75,every_sample,outer_fold,inner_oof,0.7,2,64.74903737332653,452,326738,11
0.78,77,22,uncalibrated,G_original_plus_trajectory,class_weight=balanced;l2_regularization=1.0;learning_rate=0.05;max_leaf_nodes=7,0.45078293012474613,5,margin_min2_0.50,4.52,3267.38,2.0,0,histgb,0,100,1,,,hybrid_histgb_start2_every_sample_lambda5,1,hybrid_margin_risk,13,1,71.75,every_sample,outer_fold,inner_oof,0.7,2,64.74903737332653,452,326738,11
0.78,77,22,uncalibrated,G_original_plus_trajectory,class_weight=balanced;l2_regularization=1.0;learning_rate=0.05;max_leaf_nodes=7,0.5324130964927714,10,margin_min2_0.50,6.2,4319.2,3.0,0,histgb,0,100,1,,,hybrid_histgb_start2_every_sample_lambda10,1,hybrid_margin_risk,9,1,61.25000000000001,every_sample,outer_fold,inner_oof,0.2,2,53.4012089878961,620,431920,16
0.77,77,23,uncalibrated,G_original_plus_trajectory,class_weight=balanced;l2_regularization=1.0;learning_rate=0.05;max_leaf_nodes=7,0.6098253588394152,20,margin_min2_0.50,8.25,5523.51,5.0,0,histgb,0,100,1,,,hybrid_histgb_start2_every_sample_lambda20,0,hybrid_margin_risk,8,0,48.4375,every_sample,outer_fold,inner_oof,0.02,2,40.40820333782506,825,552351,20
0.78,77,22,uncalibrated,G_original_plus_trajectory,class_weight=balanced;l2_regularization=1.0;learning_rate=0.05;max_leaf_nodes=7,0.4227728981652771,2,margin_min2_0.50,4.94,3665.8,2.0,0,histgb,0,100,1,,,hybrid_histgb_start2_checkpoint_lambda2,1,hybrid_margin_risk,12,1,69.12499999999999,checkpoint,outer_fold,inner_oof,0.7,2,60.450581567843464,494,366580,16
0.78,77,22,uncalibrated,G_original_plus_trajectory,class_weight=balanced;l2_regularization=1.0;learning_rate=0.05;max_leaf_nodes=7,0.4752728981652771,5,margin_min2_0.50,4.94,3665.8,2.0,0,histgb,0,100,1,,,hybrid_histgb_start2_checkpoint_lambda5,1,hybrid_margin_risk,12,1,69.12499999999999,checkpoint,outer_fold,inner_oof,0.7,2,60.450581567843464,494,366580,16
0.78,77,22,uncalibrated,G_original_plus_trajectory,class_weight=balanced;l2_regularization=1.0;learning_rate=0.05;max_leaf_nodes=7,0.5584452028626301,10,margin_min2_0.50,5.26,3896.89,2.0,0,histgb,0,100,1,,,hybrid_histgb_start2_checkpoint_lambda10,1,hybrid_margin_risk,12,1,67.125,checkpoint,outer_fold,inner_oof,0.5,2,57.95740815263068,526,389689,18
0.77,77,23,uncalibrated,G_original_plus_trajectory,class_weight=balanced;l2_regularization=1.0;learning_rate=0.05;max_leaf_nodes=7,0.6008086092990497,20,margin_min2_0.50,8.0,5445.51,4.0,0,histgb,0,100,1,,,hybrid_histgb_start2_checkpoint_lambda20,0,hybrid_margin_risk,8,0,50.0,checkpoint,outer_fold,inner_oof,0.1,2,41.24972623533944,800,544551,27
0.78,77,22,uncalibrated,G_original_plus_trajectory,class_weight=balanced;l2_regularization=1.0;learning_rate=0.05;max_leaf_nodes=7,0.46937847003365624,2,margin_min2_0.50,6.05,4038.15,4.0,0,histgb,0,100,1,,,hybrid_histgb_start4_every_sample_lambda2,1,hybrid_margin_risk,12,1,62.18749999999999,every_sample,outer_fold,inner_oof,0.7,4,56.433388607721945,605,403815,12
0.78,77,22,uncalibrated,G_original_plus_trajectory,class_weight=balanced;l2_regularization=1.0;learning_rate=0.05;max_leaf_nodes=7,0.4918784700336562,5,margin_min2_0.50,6.05,4038.15,4.0,0,histgb,0,100,1,,,hybrid_histgb_start4_every_sample_lambda5,1,hybrid_margin_risk,12,1,62.18749999999999,every_sample,outer_fold,inner_oof,0.7,4,56.433388607721945,605,403815,12
0.78,77,22,uncalibrated,G_original_plus_trajectory,class_weight=balanced;l2_regularization=1.0;learning_rate=0.05;max_leaf_nodes=7,0.5293784700336562,10,margin_min2_0.50,6.05,4038.15,4.0,0,histgb,0,100,1,,,hybrid_histgb_start4_every_sample_lambda10,1,hybrid_margin_risk,12,1,62.18749999999999,every_sample,outer_fold,inner_oof,0.7,4,56.433388607721945,605,403815,12
0.77,77,23,uncalibrated,G_original_plus_trajectory,class_weight=balanced;l2_regularization=1.0;learning_rate=0.05;max_leaf_nodes=7,0.5997014440122828,20,margin_min2_0.50,7.9,5320.13,5.0,0,histgb,0,100,1,,,hybrid_histgb_start4_every_sample_lambda20,0,hybrid_margin_risk,8,0,50.625,every_sample,outer_fold,inner_oof,0.03,4,42.602420349318315,790,532013,19
0.78,77,22,uncalibrated,G_original_plus_trajectory,class_weight=balanced;l2_regularization=1.0;learning_rate=0.05;max_leaf_nodes=7,0.5025709380072847,2,margin_min2_0.50,6.4,4369.67,4.0,0,histgb,0,100,1,,,hybrid_histgb_start4_checkpoint_lambda2,1,hybrid_margin_risk,11,1,60.0,checkpoint,outer_fold,inner_oof,0.7,4,52.85670051818391,640,436967,17
0.78,77,22,uncalibrated,G_original_plus_trajectory,class_weight=balanced;l2_regularization=1.0;learning_rate=0.05;max_leaf_nodes=7,0.5250709380072847,5,margin_min2_0.50,6.4,4369.67,4.0,0,histgb,0,100,1,,,hybrid_histgb_start4_checkpoint_lambda5,1,hybrid_margin_risk,11,1,60.0,checkpoint,outer_fold,inner_oof,0.7,4,52.85670051818391,640,436967,17
0.78,77,22,uncalibrated,G_original_plus_trajectory,class_weight=balanced;l2_regularization=1.0;learning_rate=0.05;max_leaf_nodes=7,0.5615533509044934,10,margin_min2_0.50,6.76,4628.6,4.0,0,histgb,0,100,1,,,hybrid_histgb_start4_checkpoint_lambda10,1,hybrid_margin_risk,11,1,57.75,checkpoint,outer_fold,inner_oof,0.5,4,50.06316816108907,676,462860,19
0.77,77,23,uncalibrated,G_original_plus_trajectory,class_weight=balanced;l2_regularization=1.0;learning_rate=0.05;max_leaf_nodes=7,0.6008086092990497,20,margin_min2_0.50,8.0,5445.51,4.0,0,histgb,0,100,1,,,hybrid_histgb_start4_checkpoint_lambda20,0,hybrid_margin_risk,8,0,50.0,checkpoint,outer_fold,inner_oof,0.1,4,41.24972623533944,800,544551,27
0.85,85,14,uncalibrated,G_original_plus_trajectory,C=0.1;class_weight=balanced,0.34818309129357067,2,margin_min2_0.50,3.99,2462.59,2.0,1,logistic,1,100,2,,,hybrid_logistic_start2_every_sample_lambda2,0,hybrid_margin_risk,7,0,75.0625,every_sample,outer_fold,inner_oof,0.7,2,71.66554483583876,399,246259,11
0.85,85,14,uncalibrated,G_original_plus_trajectory,C=0.1;class_weight=balanced,0.4231830912935707,5,margin_min2_0.50,3.99,2462.59,2.0,1,logistic,1,100,2,,,hybrid_logistic_start2_every_sample_lambda5,0,hybrid_margin_risk,7,0,75.0625,every_sample,outer_fold,inner_oof,0.7,2,71.66554483583876,399,246259,11
0.85,85,14,uncalibrated,G_original_plus_trajectory,C=0.1;class_weight=balanced,0.524838811321019,10,margin_min2_0.50,4.49,2937.17,2.0,1,logistic,1,100,2,,,hybrid_logistic_start2_every_sample_lambda10,0,hybrid_margin_risk,5,0,71.9375,every_sample,outer_fold,inner_oof,0.5,2,66.20504766342773,449,293717,13
0.86,86,14,uncalibrated,G_original_plus_trajectory,C=0.1;class_weight=balanced,0.5719911213186383,20,margin_min2_0.50,6.01,3770.32,4.0,0,logistic,0,100,2,,,hybrid_logistic_start2_every_sample_lambda20,0,hybrid_margin_risk,3,0,62.4375,every_sample,outer_fold,inner_oof,0.15,2,56.61885941446183,601,377032,15
0.85,85,14,uncalibrated,G_original_plus_trajectory,C=0.1;class_weight=balanced,0.3699549063817273,2,margin_min2_0.50,4.26,2674.3,2.0,1,logistic,1,100,2,,,hybrid_logistic_start2_checkpoint_lambda2,0,hybrid_margin_risk,7,0,73.375,checkpoint,outer_fold,inner_oof,0.7,2,69.2296186350483,426,267430,15
0.85,85,14,uncalibrated,G_original_plus_trajectory,C=0.1;class_weight=balanced,0.4449549063817273,5,margin_min2_0.50,4.26,2674.3,2.0,1,logistic,1,100,2,,,hybrid_logistic_start2_checkpoint_lambda5,0,hybrid_margin_risk,7,0,73.375,checkpoint,outer_fold,inner_oof,0.7,2,69.2296186350483,426,267430,15
0.85,85,14,uncalibrated,G_original_plus_trajectory,C=0.1;class_weight=balanced,0.5322160992619771,10,margin_min2_0.50,4.84,3189.96,2.0,1,logistic,1,100,2,,,hybrid_logistic_start2_checkpoint_lambda10,0,hybrid_margin_risk,4,0,69.75,checkpoint,outer_fold,inner_oof,0.5,2,63.29645674047738,484,318996,18
0.86,86,14,uncalibrated,G_original_plus_trajectory,C=0.1;class_weight=balanced,0.6113435657568587,20,margin_min2_0.50,6.92,4302.36,4.0,0,logistic,0,100,2,,,hybrid_logistic_start2_checkpoint_lambda20,0,hybrid_margin_risk,2,0,56.75,checkpoint,outer_fold,inner_oof,0.2,2,50.49722994080186,692,430236,20
0.86,86,14,uncalibrated,G_original_plus_trajectory,C=0.1;class_weight=balanced,0.4501869564608512,2,margin_min2_0.50,6.0,3619.68,4.0,0,logistic,0,100,2,,,hybrid_logistic_start4_every_sample_lambda2,0,hybrid_margin_risk,4,0,62.5,every_sample,outer_fold,inner_oof,0.7,4,58.35211680847758,600,361968,14
0.86,86,14,uncalibrated,G_original_plus_trajectory,C=0.1;class_weight=balanced,0.4801869564608512,5,margin_min2_0.50,6.0,3619.68,4.0,0,logistic,0,100,2,,,hybrid_logistic_start4_every_sample_lambda5,0,hybrid_margin_risk,4,0,62.5,every_sample,outer_fold,inner_oof,0.7,4,58.35211680847758,600,361968,14
0.86,86,14,uncalibrated,G_original_plus_trajectory,C=0.1;class_weight=balanced,0.5301869564608512,10,margin_min2_0.50,6.0,3619.68,4.0,0,logistic,0,100,2,,,hybrid_logistic_start4_every_sample_lambda10,0,hybrid_margin_risk,4,0,62.5,every_sample,outer_fold,inner_oof,0.7,4,58.35211680847758,600,361968,14
0.86,86,14,uncalibrated,G_original_plus_trajectory,C=0.1;class_weight=balanced,0.5728606439144621,20,margin_min2_0.50,6.74,4187.72,4.0,0,logistic,0,100,2,,,hybrid_logistic_start4_every_sample_lambda20,0,hybrid_margin_risk,3,0,57.875,every_sample,outer_fold,inner_oof,0.075,4,51.81627287528118,674,418772,16
0.86,86,14,uncalibrated,G_original_plus_trajectory,C=0.1;class_weight=balanced,0.4836649068018542,2,margin_min2_0.50,6.4,3958.84,4.0,0,logistic,0,100,2,,,hybrid_logistic_start4_checkpoint_lambda2,0,hybrid_margin_risk,3,0,60.0,checkpoint,outer_fold,inner_oof,0.7,4,54.449756361356094,640,395884,19
0.86,86,14,uncalibrated,G_original_plus_trajectory,C=0.1;class_weight=balanced,0.5136649068018542,5,margin_min2_0.50,6.4,3958.84,4.0,0,logistic,0,100,2,,,hybrid_logistic_start4_checkpoint_lambda5,0,hybrid_margin_risk,3,0,60.0,checkpoint,outer_fold,inner_oof,0.7,4,54.449756361356094,640,395884,19
0.86,86,14,uncalibrated,G_original_plus_trajectory,C=0.1;class_weight=balanced,0.5636649068018542,10,margin_min2_0.50,6.4,3958.84,4.0,0,logistic,0,100,2,,,hybrid_logistic_start4_checkpoint_lambda10,0,hybrid_margin_risk,3,0,60.0,checkpoint,outer_fold,inner_oof,0.7,4,54.449756361356094,640,395884,19
0.86,86,14,uncalibrated,G_original_plus_trajectory,C=0.1;class_weight=balanced,0.5893137927654152,20,margin_min2_0.50,6.8,4189.32,4.0,0,logistic,0,100,2,,,hybrid_logistic_start4_checkpoint_lambda20,0,hybrid_margin_risk,3,0,57.49999999999999,checkpoint,outer_fold,inner_oof,0.4,4,51.79786334374623,680,418932,19
0.85,85,14,uncalibrated,G_original_plus_trajectory,class_weight=balanced;l2_regularization=1.0;learning_rate=0.05;max_leaf_nodes=7,0.3729220524598429,2,margin_min2_0.50,4.46,2920.19,2.0,1,histgb,1,100,2,,,hybrid_histgb_start2_every_sample_lambda2,0,hybrid_margin_risk,5,0,72.125,every_sample,outer_fold,inner_oof,0.7,2,66.40041881684242,446,292019,13
0.85,85,14,uncalibrated,G_original_plus_trajectory,class_weight=balanced;l2_regularization=1.0;learning_rate=0.05;max_leaf_nodes=7,0.4254220524598429,5,margin_min2_0.50,4.46,2920.19,2.0,1,histgb,1,100,2,,,hybrid_histgb_start2_every_sample_lambda5,0,hybrid_margin_risk,5,0,72.125,every_sample,outer_fold,inner_oof,0.7,2,66.40041881684242,446,292019,13
0.85,85,14,uncalibrated,G_original_plus_trajectory,class_weight=balanced;l2_regularization=1.0;learning_rate=0.05;max_leaf_nodes=7,0.5129220524598429,10,margin_min2_0.50,4.46,2920.19,2.0,1,histgb,1,100,2,,,hybrid_histgb_start2_every_sample_lambda10,0,hybrid_margin_risk,5,0,72.125,every_sample,outer_fold,inner_oof,0.7,2,66.40041881684242,446,292019,13
0.86,86,14,uncalibrated,G_original_plus_trajectory,class_weight=balanced;l2_regularization=1.0;learning_rate=0.05;max_leaf_nodes=7,0.6336905345414315,20,margin_min2_0.50,5.64,3559.29,3.0,0,histgb,0,100,2,,,hybrid_histgb_start2_every_sample_lambda20,0,hybrid_margin_risk,4,0,64.75,every_sample,outer_fold,inner_oof,0.05,2,59.04696156434994,564,355929,14
0.85,85,14,uncalibrated,G_original_plus_trajectory,class_weight=balanced;l2_regularization=1.0;learning_rate=0.05;max_leaf_nodes=7,0.41576246026299946,2,margin_min2_0.50,4.76,3156.28,2.0,1,histgb,1,100,2,,,hybrid_histgb_start2_checkpoint_lambda2,0,hybrid_margin_risk,4,0,70.25,checkpoint,outer_fold,inner_oof,0.7,2,63.68397737928812,476,315628,18
0.85,85,14,uncalibrated,G_original_plus_trajectory,class_weight=balanced;l2_regularization=1.0;learning_rate=0.05;max_leaf_nodes=7,0.46076246026299944,5,margin_min2_0.50,4.76,3156.28,2.0,1,histgb,1,100,2,,,hybrid_histgb_start2_checkpoint_lambda5,0,hybrid_margin_risk,4,0,70.25,checkpoint,outer_fold,inner_oof,0.7,2,63.68397737928812,476,315628,18
0.85,85,14,uncalibrated,G_original_plus_trajectory,class_weight=balanced;l2_regularization=1.0;learning_rate=0.05;max_leaf_nodes=7,0.5357624602629995,10,margin_min2_0.50,4.76,3156.28,2.0,1,histgb,1,100,2,,,hybrid_histgb_start2_checkpoint_lambda10,0,hybrid_margin_risk,4,0,70.25,checkpoint,outer_fold,inner_oof,0.7,2,63.68397737928812,476,315628,18
0.86,86,14,uncalibrated,G_original_plus_trajectory,class_weight=balanced;l2_regularization=1.0;learning_rate=0.05;max_leaf_nodes=7,0.6187425602531965,20,margin_min2_0.50,6.92,4296.38,4.0,0,histgb,0,100,2,,,hybrid_histgb_start2_checkpoint_lambda20,0,hybrid_margin_risk,3,0,56.75,checkpoint,outer_fold,inner_oof,0.1,2,50.56603556491373,692,429638,20
0.86,86,14,uncalibrated,G_original_plus_trajectory,class_weight=balanced;l2_regularization=1.0;learning_rate=0.05;max_leaf_nodes=7,0.4547636086098002,2,margin_min2_0.50,6.09,3711.34,4.0,0,histgb,0,100,2,,,hybrid_histgb_start4_every_sample_lambda2,0,hybrid_margin_risk,4,0,61.9375,every_sample,outer_fold,inner_oof,0.7,4,57.297480770669004,609,371134,14
0.86,86,14,uncalibrated,G_original_plus_trajectory,class_weight=balanced;l2_regularization=1.0;learning_rate=0.05;max_leaf_nodes=7,0.47726360860980016,5,margin_min2_0.50,6.09,3711.34,4.0,0,histgb,0,100,2,,,hybrid_histgb_start4_every_sample_lambda5,0,hybrid_margin_risk,4,0,61.9375,every_sample,outer_fold,inner_oof,0.7,4,57.297480770669004,609,371134,14
0.86,86,14,uncalibrated,G_original_plus_trajectory,class_weight=balanced;l2_regularization=1.0;learning_rate=0.05;max_leaf_nodes=7,0.5147636086098002,10,margin_min2_0.50,6.09,3711.34,4.0,0,histgb,0,100,2,,,hybrid_histgb_start4_every_sample_lambda10,0,hybrid_margin_risk,4,0,61.9375,every_sample,outer_fold,inner_oof,0.7,4,57.297480770669004,609,371134,14
0.86,86,14,uncalibrated,G_original_plus_trajectory,class_weight=balanced;l2_regularization=1.0;learning_rate=0.05;max_leaf_nodes=7,0.5897636086098001,20,margin_min2_0.50,6.09,3711.34,4.0,0,histgb,0,100,2,,,hybrid_histgb_start4_every_sample_lambda20,0,hybrid_margin_risk,4,0,61.9375,every_sample,outer_fold,inner_oof,0.7,4,57.297480770669004,609,371134,14
0.86,86,14,uncalibrated,G_original_plus_trajectory,class_weight=balanced;l2_regularization=1.0;learning_rate=0.05;max_leaf_nodes=7,0.4961813967818281,2,margin_min2_0.50,6.4,3958.84,4.0,0,histgb,0,100,2,,,hybrid_histgb_start4_checkpoint_lambda2,0,hybrid_margin_risk,3,0,60.0,checkpoint,outer_fold,inner_oof,0.7,4,54.449756361356094,640,395884,19
0.86,86,14,uncalibrated,G_original_plus_trajectory,class_weight=balanced;l2_regularization=1.0;learning_rate=0.05;max_leaf_nodes=7,0.5186813967818281,5,margin_min2_0.50,6.4,3958.84,4.0,0,histgb,0,100,2,,,hybrid_histgb_start4_checkpoint_lambda5,0,hybrid_margin_risk,3,0,60.0,checkpoint,outer_fold,inner_oof,0.7,4,54.449756361356094,640,395884,19
0.86,86,14,uncalibrated,G_original_plus_trajectory,class_weight=balanced;l2_regularization=1.0;learning_rate=0.05;max_leaf_nodes=7,0.5561813967818281,10,margin_min2_0.50,6.4,3958.84,4.0,0,histgb,0,100,2,,,hybrid_histgb_start4_checkpoint_lambda10,0,hybrid_margin_risk,3,0,60.0,checkpoint,outer_fold,inner_oof,0.7,4,54.449756361356094,640,395884,19
0.86,86,14,uncalibrated,G_original_plus_trajectory,class_weight=balanced;l2_regularization=1.0;learning_rate=0.05;max_leaf_nodes=7,0.6118594815634322,20,margin_min2_0.50,6.6,4059.53,4.0,0,histgb,0,100,2,,,hybrid_histgb_start4_checkpoint_lambda20,0,hybrid_margin_risk,3,0,58.75,checkpoint,outer_fold,inner_oof,0.2,4,53.29122152994713,660,405953,19
0.77,75,21,uncalibrated,G_original_plus_trajectory,C=0.1;class_weight=balanced,0.3527264528762213,2,margin_min2_0.50,4.13,2795.47,2.0,2,logistic,2,100,3,,,hybrid_logistic_start2_every_sample_lambda2,2,hybrid_margin_risk,15,2,74.1875,every_sample,outer_fold,inner_oof,0.7,2,69.54032694786551,413,279547,11
0.77,75,21,uncalibrated,G_original_plus_trajectory,C=0.1;class_weight=balanced,0.41272645287622134,5,margin_min2_0.50,4.13,2795.47,2.0,2,logistic,2,100,3,,,hybrid_logistic_start2_every_sample_lambda5,2,hybrid_margin_risk,15,2,74.1875,every_sample,outer_fold,inner_oof,0.7,2,69.54032694786551,413,279547,11
0.77,77,23,uncalibrated,G_original_plus_trajectory,C=0.1;class_weight=balanced,0.5108745084765783,10,margin_min2_0.50,6.3,4309.25,3.0,0,logistic,0,100,3,,,hybrid_logistic_start2_every_sample_lambda10,0,hybrid_margin_risk,8,0,60.62499999999999,every_sample,outer_fold,inner_oof,0.3,2,53.04605447387718,630,430925,19
0.77,77,23,uncalibrated,G_original_plus_trajectory,C=0.1;class_weight=balanced,0.539326700937955,20,margin_min2_0.50,7.59,5054.0,4.0,0,logistic,0,100,3,,,hybrid_logistic_start2_every_sample_lambda20,0,hybrid_margin_risk,7,0,52.5625,every_sample,outer_fold,inner_oof,0.1,2,44.93119668410404,759,505400,22
0.76,75,22,uncalibrated,G_original_plus_trajectory,C=0.1;class_weight=balanced,0.37554864349757955,2,margin_min2_0.50,4.64,3262.42,2.0,2,logistic,2,100,3,,,hybrid_logistic_start2_checkpoint_lambda2,1,hybrid_margin_risk,12,1,71.0,checkpoint,outer_fold,inner_oof,0.7,2,64.45240100636222,464,326242,17
0.76,75,22,uncalibrated,G_original_plus_trajectory,C=0.1;class_weight=balanced,0.4355486434975796,5,margin_min2_0.50,4.64,3262.42,2.0,2,logistic,2,100,3,,,hybrid_logistic_start2_checkpoint_lambda5,1,hybrid_margin_risk,12,1,71.0,checkpoint,outer_fold,inner_oof,0.7,2,64.45240100636222,464,326242,17
0.75,75,23,uncalibrated,G_original_plus_trajectory,C=0.1;class_weight=balanced,0.5214385990418274,10,margin_min2_0.50,5.3,3782.64,2.0,2,logistic,2,100,3,,,hybrid_logistic_start2_checkpoint_lambda10,0,hybrid_margin_risk,9,0,66.875,checkpoint,outer_fold,inner_oof,0.4,2,58.784040725199695,530,378264,21
0.77,77,23,uncalibrated,G_original_plus_trajectory,C=0.1;class_weight=balanced,0.5655538341666421,20,margin_min2_0.50,7.84,5239.15,4.0,0,logistic,0,100,3,,,hybrid_logistic_start2_checkpoint_lambda20,0,hybrid_margin_risk,4,0,51.0,checkpoint,outer_fold,inner_oof,0.3,2,42.91378692273915,784,523915,29
0.78,77,22,uncalibrated,G_original_plus_trajectory,C=0.1;class_weight=balanced,0.44937381449434705,2,margin_min2_0.50,6.29,4087.5,4.0,0,logistic,0,100,3,,,hybrid_logistic_start4_every_sample_lambda2,1,hybrid_margin_risk,11,1,60.68750000000001,every_sample,outer_fold,inner_oof,0.7,4,55.462260871839185,629,408750,15
0.78,77,22,uncalibrated,G_original_plus_trajectory,C=0.1;class_weight=balanced,0.471873814494347,5,margin_min2_0.50,6.29,4087.5,4.0,0,logistic,0,100,3,,,hybrid_logistic_start4_every_sample_lambda5,1,hybrid_margin_risk,11,1,60.68750000000001,every_sample,outer_fold,inner_oof,0.7,4,55.462260871839185,629,408750,15
0.78,77,22,uncalibrated,G_original_plus_trajectory,C=0.1;class_weight=balanced,0.509373814494347,10,margin_min2_0.50,6.29,4087.5,4.0,0,logistic,0,100,3,,,hybrid_logistic_start4_every_sample_lambda10,1,hybrid_margin_risk,11,1,60.68750000000001,every_sample,outer_fold,inner_oof,0.7,4,55.462260871839185,629,408750,15
0.77,77,23,uncalibrated,G_original_plus_trajectory,C=0.1;class_weight=balanced,0.539326700937955,20,margin_min2_0.50,7.59,5054.0,4.0,0,logistic,0,100,3,,,hybrid_logistic_start4_every_sample_lambda20,0,hybrid_margin_risk,7,0,52.5625,every_sample,outer_fold,inner_oof,0.1,4,44.93119668410404,759,505400,22
0.78,77,22,uncalibrated,G_original_plus_trajectory,C=0.1;class_weight=balanced,0.47780238202869973,2,margin_min2_0.50,6.68,4463.81,4.0,0,logistic,0,100,3,,,hybrid_logistic_start4_checkpoint_lambda2,1,hybrid_margin_risk,7,1,58.25,checkpoint,outer_fold,inner_oof,0.7,4,51.36195589047694,668,446381,21
0.78,77,22,uncalibrated,G_original_plus_trajectory,C=0.1;class_weight=balanced,0.5003023820286997,5,margin_min2_0.50,6.68,4463.81,4.0,0,logistic,0,100,3,,,hybrid_logistic_start4_checkpoint_lambda5,1,hybrid_margin_risk,7,1,58.25,checkpoint,outer_fold,inner_oof,0.7,4,51.36195589047694,668,446381,21
0.78,77,22,uncalibrated,G_original_plus_trajectory,C=0.1;class_weight=balanced,0.5378023820286997,10,margin_min2_0.50,6.68,4463.81,4.0,0,logistic,0,100,3,,,hybrid_logistic_start4_checkpoint_lambda10,1,hybrid_margin_risk,7,1,58.25,checkpoint,outer_fold,inner_oof,0.7,4,51.36195589047694,668,446381,21
0.77,77,23,uncalibrated,G_original_plus_trajectory,C=0.1;class_weight=balanced,0.5780301808442732,20,margin_min2_0.50,7.6,5003.05,4.0,0,logistic,0,100,3,,,hybrid_logistic_start4_checkpoint_lambda20,0,hybrid_margin_risk,5,0,52.5,checkpoint,outer_fold,inner_oof,0.4,4,45.486352111279515,760,500305,27
0.77,75,21,uncalibrated,G_original_plus_trajectory,class_weight=balanced;l2_regularization=1.0;learning_rate=0.05;max_leaf_nodes=7,0.3808165478984037,2,margin_min2_0.50,4.33,2995.64,2.0,2,histgb,2,100,3,,,hybrid_histgb_start2_every_sample_lambda2,2,hybrid_margin_risk,14,2,72.9375,every_sample,outer_fold,inner_oof,0.7,2,67.35925802033427,433,299564,12
0.77,75,21,uncalibrated,G_original_plus_trajectory,class_weight=balanced;l2_regularization=1.0;learning_rate=0.05;max_leaf_nodes=7,0.44081654789840374,5,margin_min2_0.50,4.33,2995.64,2.0,2,histgb,2,100,3,,,hybrid_histgb_start2_every_sample_lambda5,2,hybrid_margin_risk,14,2,72.9375,every_sample,outer_fold,inner_oof,0.7,2,67.35925802033427,433,299564,12
0.77,75,21,uncalibrated,G_original_plus_trajectory,class_weight=balanced;l2_regularization=1.0;learning_rate=0.05;max_leaf_nodes=7,0.5228726207540441,10,margin_min2_0.50,4.91,3515.26,2.0,2,histgb,2,100,3,,,hybrid_histgb_start2_every_sample_lambda10,2,hybrid_margin_risk,11,2,69.3125,every_sample,outer_fold,inner_oof,0.5,2,61.69743538895203,491,351526,16
0.77,77,23,uncalibrated,G_original_plus_trajectory,class_weight=balanced;l2_regularization=1.0;learning_rate=0.05;max_leaf_nodes=7,0.6248643270416822,20,margin_min2_0.50,8.31,5417.85,5.0,0,histgb,0,100,3,,,hybrid_histgb_start2_every_sample_lambda20,0,hybrid_margin_risk,6,0,48.0625,every_sample,outer_fold,inner_oof,0.02,2,40.966656896512276,831,541785,23
0.76,75,22,uncalibrated,G_original_plus_trajectory,class_weight=balanced;l2_regularization=1.0;learning_rate=0.05;max_leaf_nodes=7,0.4197296649576455,2,margin_min2_0.50,4.62,3242.36,2.0,2,histgb,2,100,3,,,hybrid_histgb_start2_checkpoint_lambda2,1,hybrid_margin_risk,13,1,71.125,checkpoint,outer_fold,inner_oof,0.7,2,64.67097643068294,462,324236,16
0.75,75,23,uncalibrated,G_original_plus_trajectory,class_weight=balanced;l2_regularization=1.0;learning_rate=0.05;max_leaf_nodes=7,0.47164190971188946,5,margin_min2_0.50,5.86,4277.9,2.0,2,histgb,2,100,3,,,hybrid_histgb_start2_checkpoint_lambda5,0,hybrid_margin_risk,7,0,63.375,checkpoint,outer_fold,inner_oof,0.4,2,53.387646674896835,586,427790,24
0.75,75,23,uncalibrated,G_original_plus_trajectory,class_weight=balanced;l2_regularization=1.0;learning_rate=0.05;max_leaf_nodes=7,0.5216419097118895,10,margin_min2_0.50,5.86,4277.9,2.0,2,histgb,2,100,3,,,hybrid_histgb_start2_checkpoint_lambda10,0,hybrid_margin_risk,7,0,63.375,checkpoint,outer_fold,inner_oof,0.4,2,53.387646674896835,586,427790,24
0.76,76,23,uncalibrated,G_original_plus_trajectory,class_weight=balanced;l2_regularization=1.0;learning_rate=0.05;max_leaf_nodes=7,0.6028792879810455,20,margin_min2_0.50,6.84,4940.0,4.0,1,histgb,1,100,3,,,hybrid_histgb_start2_checkpoint_lambda20,0,hybrid_margin_risk,5,0,57.25,checkpoint,outer_fold,inner_oof,0.2,2,46.17335014235733,684,494000,27
0.78,77,22,uncalibrated,G_original_plus_trajectory,class_weight=balanced;l2_regularization=1.0;learning_rate=0.05;max_leaf_nodes=7,0.4579308993600825,2,margin_min2_0.50,6.31,4107.98,4.0,0,histgb,0,100,3,,,hybrid_histgb_start4_every_sample_lambda2,1,hybrid_margin_risk,11,1,60.56250000000001,every_sample,outer_fold,inner_oof,0.7,4,55.239109092672265,631,410798,15
0.78,77,22,uncalibrated,G_original_plus_trajectory,class_weight=balanced;l2_regularization=1.0;learning_rate=0.05;max_leaf_nodes=7,0.4879308993600825,5,margin_min2_0.50,6.31,4107.98,4.0,0,histgb,0,100,3,,,hybrid_histgb_start4_every_sample_lambda5,1,hybrid_margin_risk,11,1,60.56250000000001,every_sample,outer_fold,inner_oof,0.7,4,55.239109092672265,631,410798,15
0.78,77,22,uncalibrated,G_original_plus_trajectory,class_weight=balanced;l2_regularization=1.0;learning_rate=0.05;max_leaf_nodes=7,0.5379308993600825,10,margin_min2_0.50,6.31,4107.98,4.0,0,histgb,0,100,3,,,hybrid_histgb_start4_every_sample_lambda10,1,hybrid_margin_risk,11,1,60.56250000000001,every_sample,outer_fold,inner_oof,0.7,4,55.239109092672265,631,410798,15
0.77,77,23,uncalibrated,G_original_plus_trajectory,class_weight=balanced;l2_regularization=1.0;learning_rate=0.05;max_leaf_nodes=7,0.6016923625608512,20,margin_min2_0.50,7.38,4959.98,4.0,0,histgb,0,100,3,,,hybrid_histgb_start4_every_sample_lambda20,0,hybrid_margin_risk,7,0,53.87500000000001,every_sample,outer_fold,inner_oof,0.2,4,45.95564640467399,738,495998,21
0.78,77,22,uncalibrated,G_original_plus_trajectory,class_weight=balanced;l2_regularization=1.0;learning_rate=0.05;max_leaf_nodes=7,0.5001962345500928,2,margin_min2_0.50,6.48,4264.06,4.0,0,histgb,0,100,3,,,hybrid_histgb_start4_checkpoint_lambda2,1,hybrid_margin_risk,9,1,59.5,checkpoint,outer_fold,inner_oof,0.7,4,53.538448463161984,648,426406,19
0.78,77,22,uncalibrated,G_original_plus_trajectory,class_weight=balanced;l2_regularization=1.0;learning_rate=0.05;max_leaf_nodes=7,0.5301962345500928,5,margin_min2_0.50,6.48,4264.06,4.0,0,histgb,0,100,3,,,hybrid_histgb_start4_checkpoint_lambda5,1,hybrid_margin_risk,9,1,59.5,checkpoint,outer_fold,inner_oof,0.7,4,53.538448463161984,648,426406,19
0.77,77,23,uncalibrated,G_original_plus_trajectory,class_weight=balanced;l2_regularization=1.0;learning_rate=0.05;max_leaf_nodes=7,0.5660199153591557,10,margin_min2_0.50,8.0,5340.18,4.0,0,histgb,0,100,3,,,hybrid_histgb_start4_checkpoint_lambda10,0,hybrid_margin_risk,4,0,50.0,checkpoint,outer_fold,inner_oof,0.2,4,41.812955660569585,800,534018,30
0.77,77,23,uncalibrated,G_original_plus_trajectory,class_weight=balanced;l2_regularization=1.0;learning_rate=0.05;max_leaf_nodes=7,0.5910199153591558,20,margin_min2_0.50,8.0,5340.18,4.0,0,histgb,0,100,3,,,hybrid_histgb_start4_checkpoint_lambda20,0,hybrid_margin_risk,4,0,50.0,checkpoint,outer_fold,inner_oof,0.2,4,41.812955660569585,800,534018,30
0.75,74,22,uncalibrated,G_original_plus_trajectory,C=0.1;class_weight=None,0.32773348460741464,2,margin_min2_0.50,4.19,2519.18,2.0,3,logistic,3,100,4,,,hybrid_logistic_start2_every_sample_lambda2,1,hybrid_margin_risk,18,1,73.81249999999999,every_sample,outer_fold,inner_oof,0.3,2,70.85958655726972,419,251918,13
0.75,74,22,uncalibrated,G_original_plus_trajectory,C=0.1;class_weight=None,0.38773348460741464,5,margin_min2_0.50,4.19,2519.18,2.0,3,logistic,3,100,4,,,hybrid_logistic_start2_every_sample_lambda5,1,hybrid_margin_risk,18,1,73.81249999999999,every_sample,outer_fold,inner_oof,0.3,2,70.85958655726972,419,251918,13
0.75,74,22,uncalibrated,G_original_plus_trajectory,C=0.1;class_weight=None,0.48773348460741467,10,margin_min2_0.50,4.19,2519.18,2.0,3,logistic,3,100,4,,,hybrid_logistic_start2_every_sample_lambda10,1,hybrid_margin_risk,18,1,73.81249999999999,every_sample,outer_fold,inner_oof,0.3,2,70.85958655726972,419,251918,13
0.76,76,23,uncalibrated,G_original_plus_trajectory,C=0.1;class_weight=None,0.5198436461529167,20,margin_min2_0.50,6.57,4206.68,3.0,1,logistic,1,100,4,,,hybrid_logistic_start2_every_sample_lambda20,0,hybrid_margin_risk,11,0,58.9375,every_sample,outer_fold,inner_oof,0.03,2,51.33956508813795,657,420668,19
0.75,74,22,uncalibrated,G_original_plus_trajectory,C=0.1;class_weight=None,0.34477951131310824,2,margin_min2_0.50,4.38,2670.17,2.0,3,logistic,3,100,4,,,hybrid_logistic_start2_checkpoint_lambda2,1,hybrid_margin_risk,17,1,72.625,checkpoint,outer_fold,inner_oof,0.3,2,69.11302179186278,438,267017,15
0.75,74,22,uncalibrated,G_original_plus_trajectory,C=0.1;class_weight=None,0.4047795113131083,5,margin_min2_0.50,4.38,2670.17,2.0,3,logistic,3,100,4,,,hybrid_logistic_start2_checkpoint_lambda5,1,hybrid_margin_risk,17,1,72.625,checkpoint,outer_fold,inner_oof,0.3,2,69.11302179186278,438,267017,15
0.75,74,22,uncalibrated,G_original_plus_trajectory,C=0.1;class_weight=None,0.5047795113131083,10,margin_min2_0.50,4.38,2670.17,2.0,3,logistic,3,100,4,,,hybrid_logistic_start2_checkpoint_lambda10,1,hybrid_margin_risk,17,1,72.625,checkpoint,outer_fold,inner_oof,0.3,2,69.11302179186278,438,267017,15
0.76,76,23,uncalibrated,G_original_plus_trajectory,C=0.1;class_weight=None,0.5505937395803263,20,margin_min2_0.50,7.76,4872.96,4.0,1,logistic,1,100,4,,,hybrid_logistic_start2_checkpoint_lambda20,0,hybrid_margin_risk,9,0,51.5,checkpoint,outer_fold,inner_oof,0.03,2,43.6324244040176,776,487296,26
0.75,75,23,uncalibrated,G_original_plus_trajectory,C=0.1;class_weight=None,0.43075733265304755,2,margin_min2_0.50,6.36,3768.73,4.0,2,logistic,2,100,4,,,hybrid_logistic_start4_every_sample_lambda2,0,hybrid_margin_risk,14,0,60.25,every_sample,outer_fold,inner_oof,0.4,4,56.40551673400833,636,376873,17
0.75,75,23,uncalibrated,G_original_plus_trajectory,C=0.1;class_weight=None,0.44575733265304757,5,margin_min2_0.50,6.36,3768.73,4.0,2,logistic,2,100,4,,,hybrid_logistic_start4_every_sample_lambda5,0,hybrid_margin_risk,14,0,60.25,every_sample,outer_fold,inner_oof,0.4,4,56.40551673400833,636,376873,17
0.75,75,23,uncalibrated,G_original_plus_trajectory,C=0.1;class_weight=None,0.4569487055548469,10,margin_min2_0.50,6.55,3916.19,4.0,2,logistic,2,100,4,,,hybrid_logistic_start4_every_sample_lambda10,0,hybrid_margin_risk,14,0,59.06249999999999,every_sample,outer_fold,inner_oof,0.1,4,54.699784961659795,655,391619,18
0.75,75,23,uncalibrated,G_original_plus_trajectory,C=0.1;class_weight=None,0.4569487055548469,20,margin_min2_0.50,6.55,3916.19,4.0,2,logistic,2,100,4,,,hybrid_logistic_start4_every_sample_lambda20,0,hybrid_margin_risk,14,0,59.06249999999999,every_sample,outer_fold,inner_oof,0.1,4,54.699784961659795,655,391619,18
0.75,75,23,uncalibrated,G_original_plus_trajectory,C=0.1;class_weight=None,0.4570557498696492,2,margin_min2_0.50,6.68,4022.74,4.0,2,logistic,2,100,4,,,hybrid_logistic_start4_checkpoint_lambda2,0,hybrid_margin_risk,13,0,58.25,checkpoint,outer_fold,inner_oof,0.4,4,53.467276346823645,668,402274,20
0.75,75,23,uncalibrated,G_original_plus_trajectory,C=0.1;class_weight=None,0.4720557498696492,5,margin_min2_0.50,6.68,4022.74,4.0,2,logistic,2,100,4,,,hybrid_logistic_start4_checkpoint_lambda5,0,hybrid_margin_risk,13,0,58.25,checkpoint,outer_fold,inner_oof,0.4,4,53.467276346823645,668,402274,20
0.75,75,23,uncalibrated,G_original_plus_trajectory,C=0.1;class_weight=None,0.4970557498696492,10,margin_min2_0.50,6.68,4022.74,4.0,2,logistic,2,100,4,,,hybrid_logistic_start4_checkpoint_lambda10,0,hybrid_margin_risk,13,0,58.25,checkpoint,outer_fold,inner_oof,0.4,4,53.467276346823645,668,402274,20
0.75,75,23,uncalibrated,G_original_plus_trajectory,C=0.1;class_weight=None,0.49868026790729314,20,margin_min2_0.50,7.08,4377.06,4.0,2,logistic,2,100,4,,,hybrid_logistic_start4_checkpoint_lambda20,0,hybrid_margin_risk,11,0,55.75,checkpoint,outer_fold,inner_oof,0.1,4,49.36870804641311,708,437706,23
0.75,74,22,uncalibrated,G_original_plus_trajectory,class_weight=None;l2_regularization=1.0;learning_rate=0.05;max_leaf_nodes=7,0.32773348460741464,2,margin_min2_0.50,4.19,2519.18,2.0,3,histgb,3,100,4,,,hybrid_histgb_start2_every_sample_lambda2,1,hybrid_margin_risk,18,1,73.81249999999999,every_sample,outer_fold,inner_oof,0.4,2,70.85958655726972,419,251918,13
0.75,74,22,uncalibrated,G_original_plus_trajectory,class_weight=None;l2_regularization=1.0;learning_rate=0.05;max_leaf_nodes=7,0.38773348460741464,5,margin_min2_0.50,4.19,2519.18,2.0,3,histgb,3,100,4,,,hybrid_histgb_start2_every_sample_lambda5,1,hybrid_margin_risk,18,1,73.81249999999999,every_sample,outer_fold,inner_oof,0.4,2,70.85958655726972,419,251918,13
0.75,75,23,uncalibrated,G_original_plus_trajectory,class_weight=None;l2_regularization=1.0;learning_rate=0.05;max_leaf_nodes=7,0.4698292124572863,10,margin_min2_0.50,5.91,3785.99,3.0,2,histgb,2,100,4,,,hybrid_histgb_start2_every_sample_lambda10,0,hybrid_margin_risk,12,0,63.0625,every_sample,outer_fold,inner_oof,0.03,2,56.20586306256702,591,378599,19
0.75,75,23,uncalibrated,G_original_plus_trajectory,class_weight=None;l2_regularization=1.0;learning_rate=0.05;max_leaf_nodes=7,0.5083593475522019,20,margin_min2_0.50,6.47,4155.0,3.0,2,histgb,2,100,4,,,hybrid_histgb_start2_every_sample_lambda20,0,hybrid_margin_risk,10,0,59.56250000000001,every_sample,outer_fold,inner_oof,0.02,2,51.937369360448905,647,415500,21
0.75,74,22,uncalibrated,G_original_plus_trajectory,class_weight=None;l2_regularization=1.0;learning_rate=0.05;max_leaf_nodes=7,0.34477951131310824,2,margin_min2_0.50,4.38,2670.17,2.0,3,histgb,3,100,4,,,hybrid_histgb_start2_checkpoint_lambda2,1,hybrid_margin_risk,17,1,72.625,checkpoint,outer_fold,inner_oof,0.4,2,69.11302179186278,438,267017,15
0.75,74,22,uncalibrated,G_original_plus_trajectory,class_weight=None;l2_regularization=1.0;learning_rate=0.05;max_leaf_nodes=7,0.4047795113131083,5,margin_min2_0.50,4.38,2670.17,2.0,3,histgb,3,100,4,,,hybrid_histgb_start2_checkpoint_lambda5,1,hybrid_margin_risk,17,1,72.625,checkpoint,outer_fold,inner_oof,0.4,2,69.11302179186278,438,267017,15
0.75,74,22,uncalibrated,G_original_plus_trajectory,class_weight=None;l2_regularization=1.0;learning_rate=0.05;max_leaf_nodes=7,0.5047795113131083,10,margin_min2_0.50,4.38,2670.17,2.0,3,histgb,3,100,4,,,hybrid_histgb_start2_checkpoint_lambda10,1,hybrid_margin_risk,17,1,72.625,checkpoint,outer_fold,inner_oof,0.4,2,69.11302179186278,438,267017,15
0.76,76,23,uncalibrated,G_original_plus_trajectory,class_weight=None;l2_regularization=1.0;learning_rate=0.05;max_leaf_nodes=7,0.5497299556247777,20,margin_min2_0.50,7.76,4879.23,4.0,1,histgb,1,100,4,,,hybrid_histgb_start2_checkpoint_lambda20,0,hybrid_margin_risk,8,0,51.5,checkpoint,outer_fold,inner_oof,0.01,2,43.5598966798034,776,487923,26
0.75,75,23,uncalibrated,G_original_plus_trajectory,class_weight=None;l2_regularization=1.0;learning_rate=0.05;max_leaf_nodes=7,0.43075733265304755,2,margin_min2_0.50,6.36,3768.73,4.0,2,histgb,2,100,4,,,hybrid_histgb_start4_every_sample_lambda2,0,hybrid_margin_risk,14,0,60.25,every_sample,outer_fold,inner_oof,0.7,4,56.40551673400833,636,376873,17
0.75,75,23,uncalibrated,G_original_plus_trajectory,class_weight=None;l2_regularization=1.0;learning_rate=0.05;max_leaf_nodes=7,0.44575733265304757,5,margin_min2_0.50,6.36,3768.73,4.0,2,histgb,2,100,4,,,hybrid_histgb_start4_every_sample_lambda5,0,hybrid_margin_risk,14,0,60.25,every_sample,outer_fold,inner_oof,0.7,4,56.40551673400833,636,376873,17
0.75,75,23,uncalibrated,G_original_plus_trajectory,class_weight=None;l2_regularization=1.0;learning_rate=0.05;max_leaf_nodes=7,0.47075733265304753,10,margin_min2_0.50,6.36,3768.73,4.0,2,histgb,2,100,4,,,hybrid_histgb_start4_every_sample_lambda10,0,hybrid_margin_risk,14,0,60.25,every_sample,outer_fold,inner_oof,0.7,4,56.40551673400833,636,376873,17
0.75,75,23,uncalibrated,G_original_plus_trajectory,class_weight=None;l2_regularization=1.0;learning_rate=0.05;max_leaf_nodes=7,0.5012473957808853,20,margin_min2_0.50,6.41,3816.88,4.0,2,histgb,2,100,4,,,hybrid_histgb_start4_every_sample_lambda20,0,hybrid_margin_risk,14,0,59.9375,every_sample,outer_fold,inner_oof,0.15,4,55.84854545475577,641,381688,17
0.75,75,23,uncalibrated,G_original_plus_trajectory,class_weight=None;l2_regularization=1.0;learning_rate=0.05;max_leaf_nodes=7,0.4570557498696492,2,margin_min2_0.50,6.68,4022.74,4.0,2,histgb,2,100,4,,,hybrid_histgb_start4_checkpoint_lambda2,0,hybrid_margin_risk,13,0,58.25,checkpoint,outer_fold,inner_oof,0.7,4,53.467276346823645,668,402274,20
0.75,75,23,uncalibrated,G_original_plus_trajectory,class_weight=None;l2_regularization=1.0;learning_rate=0.05;max_leaf_nodes=7,0.4720557498696492,5,margin_min2_0.50,6.68,4022.74,4.0,2,histgb,2,100,4,,,hybrid_histgb_start4_checkpoint_lambda5,0,hybrid_margin_risk,13,0,58.25,checkpoint,outer_fold,inner_oof,0.7,4,53.467276346823645,668,402274,20
0.75,75,23,uncalibrated,G_original_plus_trajectory,class_weight=None;l2_regularization=1.0;learning_rate=0.05;max_leaf_nodes=7,0.4970557498696492,10,margin_min2_0.50,6.68,4022.74,4.0,2,histgb,2,100,4,,,hybrid_histgb_start4_checkpoint_lambda10,0,hybrid_margin_risk,13,0,58.25,checkpoint,outer_fold,inner_oof,0.7,4,53.467276346823645,668,402274,20
0.75,75,23,uncalibrated,G_original_plus_trajectory,class_weight=None;l2_regularization=1.0;learning_rate=0.05;max_leaf_nodes=7,0.5334770548995124,20,margin_min2_0.50,6.96,4293.07,4.0,2,histgb,2,100,4,,,hybrid_histgb_start4_checkpoint_lambda20,0,hybrid_margin_risk,11,0,56.49999999999999,checkpoint,outer_fold,inner_oof,0.15,4,50.340255663119706,696,429307,22
0.76,72,19,sigmoid,G_original_plus_trajectory,C=0.1;class_weight=None,0.31918212854054373,2,margin_min2_0.50,4.12,2457.86,2.0,5,logistic,5,100,5,,,hybrid_logistic_start2_every_sample_lambda2,4,hybrid_margin_risk,17,4,74.25,every_sample,outer_fold,inner_oof,0.3,2,71.4600888758838,412,245786,13
0.76,72,19,sigmoid,G_original_plus_trajectory,C=0.1;class_weight=None,0.3641821285405437,5,margin_min2_0.50,4.12,2457.86,2.0,5,logistic,5,100,5,,,hybrid_logistic_start2_every_sample_lambda5,4,hybrid_margin_risk,17,4,74.25,every_sample,outer_fold,inner_oof,0.3,2,71.4600888758838,412,245786,13
0.76,72,19,sigmoid,G_original_plus_trajectory,C=0.1;class_weight=None,0.4296002195478031,10,margin_min2_0.50,4.12,2457.86,2.0,5,logistic,5,100,5,,,hybrid_logistic_start2_every_sample_lambda10,4,hybrid_margin_risk,17,4,74.25,every_sample,outer_fold,inner_oof,0.15,2,71.4600888758838,412,245786,13
0.77,77,23,sigmoid,G_original_plus_trajectory,C=0.1;class_weight=None,0.5058209791116586,20,margin_min2_0.50,7.61,4585.21,4.0,0,logistic,0,100,5,,,hybrid_logistic_start2_every_sample_lambda20,0,hybrid_margin_risk,9,0,52.4375,every_sample,outer_fold,inner_oof,0.02,2,46.757957782213445,761,458521,23
0.76,72,19,sigmoid,G_original_plus_trajectory,C=0.1;class_weight=None,0.34017610774386686,2,margin_min2_0.50,4.14,2467.02,2.0,5,logistic,5,100,5,,,hybrid_logistic_start2_checkpoint_lambda2,4,hybrid_margin_risk,16,4,74.125,checkpoint,outer_fold,inner_oof,0.3,2,71.35372578526965,414,246702,14
0.76,72,19,sigmoid,G_original_plus_trajectory,C=0.1;class_weight=None,0.38517610774386685,5,margin_min2_0.50,4.14,2467.02,2.0,5,logistic,5,100,5,,,hybrid_logistic_start2_checkpoint_lambda5,4,hybrid_margin_risk,16,4,74.125,checkpoint,outer_fold,inner_oof,0.3,2,71.35372578526965,414,246702,14
0.76,72,19,sigmoid,G_original_plus_trajectory,C=0.1;class_weight=None,0.4599177142882694,10,margin_min2_0.50,4.14,2467.02,2.0,5,logistic,5,100,5,,,hybrid_logistic_start2_checkpoint_lambda10,4,hybrid_margin_risk,16,4,74.125,checkpoint,outer_fold,inner_oof,0.15,2,71.35372578526965,414,246702,14
0.75,74,22,sigmoid,G_original_plus_trajectory,C=0.1;class_weight=None,0.5475390859925372,20,margin_min2_0.50,5.32,3328.02,2.0,3,logistic,3,100,5,,,hybrid_logistic_start2_checkpoint_lambda20,1,hybrid_margin_risk,12,1,66.75,checkpoint,outer_fold,inner_oof,0.05,2,61.35605973518376,532,332802,20
0.77,75,21,sigmoid,G_original_plus_trajectory,C=0.1;class_weight=None,0.4306450390468674,2,margin_min2_0.50,6.38,3758.88,4.0,2,logistic,2,100,5,,,hybrid_logistic_start4_every_sample_lambda2,2,hybrid_margin_risk,14,2,60.12500000000001,every_sample,outer_fold,inner_oof,0.3,4,56.353046501339406,638,375888,17
0.77,75,21,sigmoid,G_original_plus_trajectory,C=0.1;class_weight=None,0.4456450390468674,5,margin_min2_0.50,6.38,3758.88,4.0,2,logistic,2,100,5,,,hybrid_logistic_start4_every_sample_lambda5,2,hybrid_margin_risk,14,2,60.12500000000001,every_sample,outer_fold,inner_oof,0.3,4,56.353046501339406,638,375888,17
0.77,75,21,sigmoid,G_original_plus_trajectory,C=0.1;class_weight=None,0.4706450390468674,10,margin_min2_0.50,6.38,3758.88,4.0,2,logistic,2,100,5,,,hybrid_logistic_start4_every_sample_lambda10,2,hybrid_margin_risk,14,2,60.12500000000001,every_sample,outer_fold,inner_oof,0.3,4,56.353046501339406,638,375888,17
0.77,77,23,sigmoid,G_original_plus_trajectory,C=0.1;class_weight=None,0.5165781507457248,20,margin_min2_0.50,7.61,4585.21,4.0,0,logistic,0,100,5,,,hybrid_logistic_start4_every_sample_lambda20,0,hybrid_margin_risk,9,0,52.4375,every_sample,outer_fold,inner_oof,0.02,4,46.757957782213445,761,458521,23
0.77,75,21,sigmoid,G_original_plus_trajectory,C=0.1;class_weight=None,0.45692174752896936,2,margin_min2_0.50,6.76,4012.8,4.0,2,logistic,2,100,5,,,hybrid_logistic_start4_checkpoint_lambda2,2,hybrid_margin_risk,10,2,57.75,checkpoint,outer_fold,inner_oof,0.3,4,53.40460589339771,676,401280,22
0.77,75,21,sigmoid,G_original_plus_trajectory,C=0.1;class_weight=None,0.47192174752896937,5,margin_min2_0.50,6.76,4012.8,4.0,2,logistic,2,100,5,,,hybrid_logistic_start4_checkpoint_lambda5,2,hybrid_margin_risk,10,2,57.75,checkpoint,outer_fold,inner_oof,0.3,4,53.40460589339771,676,401280,22
0.77,75,21,sigmoid,G_original_plus_trajectory,C=0.1;class_weight=None,0.49692174752896934,10,margin_min2_0.50,6.76,4012.8,4.0,2,logistic,2,100,5,,,hybrid_logistic_start4_checkpoint_lambda10,2,hybrid_margin_risk,10,2,57.75,checkpoint,outer_fold,inner_oof,0.3,4,53.40460589339771,676,401280,22
0.77,75,21,sigmoid,G_original_plus_trajectory,C=0.1;class_weight=None,0.5469217475289694,20,margin_min2_0.50,6.76,4012.8,4.0,2,logistic,2,100,5,,,hybrid_logistic_start4_checkpoint_lambda20,2,hybrid_margin_risk,10,2,57.75,checkpoint,outer_fold,inner_oof,0.3,4,53.40460589339771,676,401280,22
0.75,72,20,uncalibrated,G_original_plus_trajectory,class_weight=balanced;l2_regularization=1.0;learning_rate=0.1;max_leaf_nodes=7,0.3447120167768505,2,margin_min2_0.50,4.29,2616.08,2.0,5,histgb,5,100,5,,,hybrid_histgb_start2_every_sample_lambda2,3,hybrid_margin_risk,17,3,73.1875,every_sample,outer_fold,inner_oof,0.7,2,69.62288710765547,429,261608,14
0.75,72,20,uncalibrated,G_original_plus_trajectory,class_weight=balanced;l2_regularization=1.0;learning_rate=0.1;max_leaf_nodes=7,0.38221201677685046,5,margin_min2_0.50,4.29,2616.08,2.0,5,histgb,5,100,5,,,hybrid_histgb_start2_every_sample_lambda5,3,hybrid_margin_risk,17,3,73.1875,every_sample,outer_fold,inner_oof,0.7,2,69.62288710765547,429,261608,14
0.75,72,20,uncalibrated,G_original_plus_trajectory,class_weight=balanced;l2_regularization=1.0;learning_rate=0.1;max_leaf_nodes=7,0.44471201677685046,10,margin_min2_0.50,4.29,2616.08,2.0,5,histgb,5,100,5,,,hybrid_histgb_start2_every_sample_lambda10,3,hybrid_margin_risk,17,3,73.1875,every_sample,outer_fold,inner_oof,0.7,2,69.62288710765547,429,261608,14
0.76,76,23,uncalibrated,G_original_plus_trajectory,class_weight=balanced;l2_regularization=1.0;learning_rate=0.1;max_leaf_nodes=7,0.5365686824672523,20,margin_min2_0.50,6.88,4300.69,3.0,1,histgb,1,100,5,,,hybrid_histgb_start2_every_sample_lambda20,0,hybrid_margin_risk,9,0,57.00000000000001,every_sample,outer_fold,inner_oof,0.075,2,50.06171613827666,688,430069,23
0.75,72,20,uncalibrated,G_original_plus_trajectory,class_weight=balanced;l2_regularization=1.0;learning_rate=0.1;max_leaf_nodes=7,0.38122469443283113,2,margin_min2_0.50,4.32,2635.48,2.0,5,histgb,5,100,5,,,hybrid_histgb_start2_checkpoint_lambda2,3,hybrid_margin_risk,16,3,73.0,checkpoint,outer_fold,inner_oof,0.7,2,69.39762030002288,432,263548,15
0.75,72,20,uncalibrated,G_original_plus_trajectory,class_weight=balanced;l2_regularization=1.0;learning_rate=0.1;max_leaf_nodes=7,0.4187246944328311,5,margin_min2_0.50,4.32,2635.48,2.0,5,histgb,5,100,5,,,hybrid_histgb_start2_checkpoint_lambda5,3,hybrid_margin_risk,16,3,73.0,checkpoint,outer_fold,inner_oof,0.7,2,69.39762030002288,432,263548,15
0.75,72,20,uncalibrated,G_original_plus_trajectory,class_weight=balanced;l2_regularization=1.0;learning_rate=0.1;max_leaf_nodes=7,0.4812246944328311,10,margin_min2_0.50,4.32,2635.48,2.0,5,histgb,5,100,5,,,hybrid_histgb_start2_checkpoint_lambda10,3,hybrid_margin_risk,16,3,73.0,checkpoint,outer_fold,inner_oof,0.7,2,69.39762030002288,432,263548,15
0.75,72,20,uncalibrated,G_original_plus_trajectory,class_weight=balanced;l2_regularization=1.0;learning_rate=0.1;max_leaf_nodes=7,0.6062246944328311,20,margin_min2_0.50,4.32,2635.48,2.0,5,histgb,5,100,5,,,hybrid_histgb_start2_checkpoint_lambda20,3,hybrid_margin_risk,16,3,73.0,checkpoint,outer_fold,inner_oof,0.7,2,69.39762030002288,432,263548,15
0.77,75,21,uncalibrated,G_original_plus_trajectory,class_weight=balanced;l2_regularization=1.0;learning_rate=0.1;max_leaf_nodes=7,0.4372286784876689,2,margin_min2_0.50,6.49,3846.64,4.0,2,histgb,2,100,5,,,hybrid_histgb_start4_every_sample_lambda2,2,hybrid_margin_risk,13,2,59.4375,every_sample,outer_fold,inner_oof,0.7,4,55.33400448907979,649,384664,18
0.77,75,21,uncalibrated,G_original_plus_trajectory,class_weight=balanced;l2_regularization=1.0;learning_rate=0.1;max_leaf_nodes=7,0.4522286784876689,5,margin_min2_0.50,6.49,3846.64,4.0,2,histgb,2,100,5,,,hybrid_histgb_start4_every_sample_lambda5,2,hybrid_margin_risk,13,2,59.4375,every_sample,outer_fold,inner_oof,0.7,4,55.33400448907979,649,384664,18
0.77,75,21,uncalibrated,G_original_plus_trajectory,class_weight=balanced;l2_regularization=1.0;learning_rate=0.1;max_leaf_nodes=7,0.47722867848766887,10,margin_min2_0.50,6.49,3846.64,4.0,2,histgb,2,100,5,,,hybrid_histgb_start4_every_sample_lambda10,2,hybrid_margin_risk,13,2,59.4375,every_sample,outer_fold,inner_oof,0.7,4,55.33400448907979,649,384664,18
0.77,75,21,uncalibrated,G_original_plus_trajectory,class_weight=balanced;l2_regularization=1.0;learning_rate=0.1;max_leaf_nodes=7,0.5272286784876689,20,margin_min2_0.50,6.49,3846.64,4.0,2,histgb,2,100,5,,,hybrid_histgb_start4_every_sample_lambda20,2,hybrid_margin_risk,13,2,59.4375,every_sample,outer_fold,inner_oof,0.7,4,55.33400448907979,649,384664,18
0.77,75,21,uncalibrated,G_original_plus_trajectory,class_weight=balanced;l2_regularization=1.0;learning_rate=0.1;max_leaf_nodes=7,0.4717633019810724,2,margin_min2_0.50,6.76,4012.8,4.0,2,histgb,2,100,5,,,hybrid_histgb_start4_checkpoint_lambda2,2,hybrid_margin_risk,10,2,57.75,checkpoint,outer_fold,inner_oof,0.7,4,53.40460589339771,676,401280,22
0.77,75,21,uncalibrated,G_original_plus_trajectory,class_weight=balanced;l2_regularization=1.0;learning_rate=0.1;max_leaf_nodes=7,0.4867633019810724,5,margin_min2_0.50,6.76,4012.8,4.0,2,histgb,2,100,5,,,hybrid_histgb_start4_checkpoint_lambda5,2,hybrid_margin_risk,10,2,57.75,checkpoint,outer_fold,inner_oof,0.7,4,53.40460589339771,676,401280,22
0.77,75,21,uncalibrated,G_original_plus_trajectory,class_weight=balanced;l2_regularization=1.0;learning_rate=0.1;max_leaf_nodes=7,0.5117633019810724,10,margin_min2_0.50,6.76,4012.8,4.0,2,histgb,2,100,5,,,hybrid_histgb_start4_checkpoint_lambda10,2,hybrid_margin_risk,10,2,57.75,checkpoint,outer_fold,inner_oof,0.7,4,53.40460589339771,676,401280,22
0.77,75,21,uncalibrated,G_original_plus_trajectory,class_weight=balanced;l2_regularization=1.0;learning_rate=0.1;max_leaf_nodes=7,0.5617633019810724,20,margin_min2_0.50,6.76,4012.8,4.0,2,histgb,2,100,5,,,hybrid_histgb_start4_checkpoint_lambda20,2,hybrid_margin_risk,10,2,57.75,checkpoint,outer_fold,inner_oof,0.7,4,53.40460589339771,676,401280,22
