accuracy,both_correct,both_wrong,calibration,feature_group,hyperparameters,inner_loss,lambda_miss,mean_samples,mean_tokens,median_samples,missed_recoveries,model,n16_only_correct,n_questions,outer_fold,policy_id,policy_only_correct,policy_type,premature_stopping_errors,regressions_avoided,sample_reduction_vs_n16_pct,schedule,scope,selected_on,selected_tau,start_prefix,token_reduction_vs_n16_pct,total_samples,total_tokens,unnecessary_continuations
0.78,75,20,uncalibrated,G_original_plus_trajectory,C=1.0;class_weight=None,0.28133767430949497,2,2.87,1922.15,2.0,2,logistic,2,100,1,safe_logistic_start2_every_sample_lambda2,3,safe_stop,21,3,82.0625,every_sample,outer_fold,inner_oof,0.4,2,79.26239439157355,287,192215,1
0.8,77,20,uncalibrated,G_original_plus_trajectory,C=1.0;class_weight=None,0.40374132331446966,5,3.47,2396.39,2.0,0,logistic,0,100,1,safe_logistic_start2_every_sample_lambda5,3,safe_stop,19,3,78.3125,every_sample,outer_fold,inner_oof,0.15,2,74.14593517468613,347,239639,1
0.78,77,22,uncalibrated,G_original_plus_trajectory,C=1.0;class_weight=None,0.4915677363665506,10,5.68,3977.43,3.0,0,logistic,0,100,1,safe_logistic_start2_every_sample_lambda10,1,safe_stop,13,1,64.5,every_sample,outer_fold,inner_oof,0.03,2,57.0884818171716,568,397743,9
0.78,77,22,uncalibrated,G_original_plus_trajectory,C=1.0;class_weight=None,0.5473221062389005,20,5.82,4065.29,3.0,0,logistic,0,100,1,safe_logistic_start2_every_sample_lambda20,1,safe_stop,13,1,63.625,every_sample,outer_fold,inner_oof,0.02,2,56.14058179440733,582,406529,9
0.78,75,20,uncalibrated,G_original_plus_trajectory,C=1.0;class_weight=None,0.2980709872589161,2,3.14,2138.84,2.0,2,logistic,2,100,1,safe_logistic_start2_checkpoint_lambda2,3,safe_stop,20,3,80.375,checkpoint,outer_fold,inner_oof,0.5,2,76.92457904974803,314,213884,3
0.79,77,21,uncalibrated,G_original_plus_trajectory,C=1.0;class_weight=None,0.41968902292165233,5,4.08,2912.8,2.0,0,logistic,0,100,1,safe_logistic_start2_checkpoint_lambda5,2,safe_stop,14,2,74.5,checkpoint,outer_fold,inner_oof,0.15,2,68.57451415538613,408,291280,8
0.78,77,22,uncalibrated,G_original_plus_trajectory,C=1.0;class_weight=None,0.5214706081637,10,4.98,3633.43,2.0,0,logistic,0,100,1,safe_logistic_start2_checkpoint_lambda10,1,safe_stop,13,1,68.875,checkpoint,outer_fold,inner_oof,0.075,2,60.79981357031193,498,363343,12
0.77,77,23,uncalibrated,G_original_plus_trajectory,C=1.0;class_weight=None,0.5863966709313455,20,7.36,5048.71,4.0,0,logistic,0,100,1,safe_logistic_start2_checkpoint_lambda20,0,safe_stop,9,0,54.0,checkpoint,outer_fold,inner_oof,0.03,2,45.53070425756643,736,504871,21
0.78,75,20,uncalibrated,G_original_plus_trajectory,C=1.0;class_weight=None,0.36561362692999494,2,4.4,2694.93,4.0,2,logistic,2,100,1,safe_logistic_start4_every_sample_lambda2,3,safe_stop,21,3,72.5,every_sample,outer_fold,inner_oof,0.4,4,70.92506022822532,440,269493,1
0.79,77,21,uncalibrated,G_original_plus_trajectory,C=1.0;class_weight=None,0.4619478123450211,5,5.42,3513.71,4.0,0,logistic,0,100,1,safe_logistic_start4_every_sample_lambda5,2,safe_stop,20,2,66.125,every_sample,outer_fold,inner_oof,0.075,4,62.09144333044554,542,351371,2
0.78,77,22,uncalibrated,G_original_plus_trajectory,C=1.0;class_weight=None,0.502474552849278,10,5.98,3978.81,4.0,0,logistic,0,100,1,safe_logistic_start4_every_sample_lambda10,1,safe_stop,19,1,62.625,every_sample,outer_fold,inner_oof,0.05,4,57.07359333513865,598,397881,5
0.77,77,23,uncalibrated,G_original_plus_trajectory,C=1.0;class_weight=None,0.5570961351988599,20,6.38,4305.42,4.0,0,logistic,0,100,1,safe_logistic_start4_every_sample_lambda20,0,safe_stop,14,0,60.12500000000001,every_sample,outer_fold,inner_oof,0.03,4,53.54987803312363,638,430542,9
0.78,75,20,uncalibrated,G_original_plus_trajectory,C=1.0;class_weight=None,0.3774324213525466,2,4.68,2930.72,4.0,2,logistic,2,100,1,safe_logistic_start4_checkpoint_lambda2,3,safe_stop,20,3,70.75,checkpoint,outer_fold,inner_oof,0.4,4,68.38117966405974,468,293072,3
0.78,75,20,uncalibrated,G_original_plus_trajectory,C=1.0;class_weight=None,0.47493242135254665,5,4.68,2930.72,4.0,2,logistic,2,100,1,safe_logistic_start4_checkpoint_lambda5,3,safe_stop,20,3,70.75,checkpoint,outer_fold,inner_oof,0.4,4,68.38117966405974,468,293072,3
0.78,77,22,uncalibrated,G_original_plus_trajectory,C=1.0;class_weight=None,0.5049796388631242,10,6.4,4308.78,4.0,0,logistic,0,100,1,safe_logistic_start4_checkpoint_lambda10,1,safe_stop,13,1,60.0,checkpoint,outer_fold,inner_oof,0.075,4,53.51362781599994,640,430878,12
0.78,77,22,uncalibrated,G_original_plus_trajectory,C=1.0;class_weight=None,0.5299796388631243,20,6.4,4308.78,4.0,0,logistic,0,100,1,safe_logistic_start4_checkpoint_lambda20,1,safe_stop,13,1,60.0,checkpoint,outer_fold,inner_oof,0.075,4,53.51362781599994,640,430878,12
0.8,76,19,uncalibrated,G_original_plus_trajectory,class_weight=balanced;l2_regularization=1.0;learning_rate=0.05;max_leaf_nodes=7,0.33149872145042353,2,3.58,2515.36,2.0,1,histgb,1,100,1,safe_histgb_start2_every_sample_lambda2,4,safe_stop,19,4,77.625,every_sample,outer_fold,inner_oof,0.7,2,72.86239698087478,358,251536,1
0.78,77,22,uncalibrated,G_original_plus_trajectory,class_weight=balanced;l2_regularization=1.0;learning_rate=0.05;max_leaf_nodes=7,0.4336347860571763,5,3.9,2767.91,2.0,0,histgb,0,100,1,safe_histgb_start2_every_sample_lambda5,1,safe_stop,21,1,75.625,every_sample,outer_fold,inner_oof,0.5,2,70.13769688129456,390,276791,1
0.77,77,23,uncalibrated,G_original_plus_trajectory,class_weight=balanced;l2_regularization=1.0;learning_rate=0.05;max_leaf_nodes=7,0.5365838271307594,10,6.71,4598.12,4.0,0,histgb,0,100,1,safe_histgb_start2_every_sample_lambda10,0,safe_stop,14,0,58.06249999999999,every_sample,outer_fold,inner_oof,0.075,2,50.39200941642545,671,459812,9
0.77,77,23,uncalibrated,G_original_plus_trajectory,class_weight=balanced;l2_regularization=1.0;learning_rate=0.05;max_leaf_nodes=7,0.5796975949830524,20,7.97,5345.55,5.0,0,histgb,0,100,1,safe_histgb_start2_every_sample_lambda20,0,safe_stop,12,0,50.18750000000001,every_sample,outer_fold,inner_oof,0.02,2,42.3281701947694,797,534555,14
0.79,77,21,uncalibrated,G_original_plus_trajectory,class_weight=balanced;l2_regularization=1.0;learning_rate=0.05;max_leaf_nodes=7,0.36750839697612064,2,4.3,3134.33,2.0,0,histgb,0,100,1,safe_histgb_start2_checkpoint_lambda2,2,safe_stop,14,2,73.125,checkpoint,outer_fold,inner_oof,0.7,2,66.18448123889434,430,313433,8
0.79,77,21,uncalibrated,G_original_plus_trajectory,class_weight=balanced;l2_regularization=1.0;learning_rate=0.05;max_leaf_nodes=7,0.45750839697612067,5,4.3,3134.33,2.0,0,histgb,0,100,1,safe_histgb_start2_checkpoint_lambda5,2,safe_stop,14,2,73.125,checkpoint,outer_fold,inner_oof,0.7,2,66.18448123889434,430,313433,8
0.77,77,23,uncalibrated,G_original_plus_trajectory,class_weight=balanced;l2_regularization=1.0;learning_rate=0.05;max_leaf_nodes=7,0.5582405808390086,10,8.0,5449.42,4.0,0,histgb,0,100,1,safe_histgb_start2_checkpoint_lambda10,0,safe_stop,7,0,50.0,checkpoint,outer_fold,inner_oof,0.075,2,41.20754220291275,800,544942,27
0.77,77,23,uncalibrated,G_original_plus_trajectory,class_weight=balanced;l2_regularization=1.0;learning_rate=0.05;max_leaf_nodes=7,0.5832405808390086,20,8.0,5449.42,4.0,0,histgb,0,100,1,safe_histgb_start2_checkpoint_lambda20,0,safe_stop,7,0,50.0,checkpoint,outer_fold,inner_oof,0.075,2,41.20754220291275,800,544942,27
0.8,76,19,uncalibrated,G_original_plus_trajectory,class_weight=balanced;l2_regularization=1.0;learning_rate=0.05;max_leaf_nodes=7,0.40427737038422534,2,5.0,3213.55,4.0,1,histgb,1,100,1,safe_histgb_start4_every_sample_lambda2,4,safe_stop,19,4,68.75,every_sample,outer_fold,inner_oof,0.7,4,65.32979606016241,500,321355,1
0.78,77,22,uncalibrated,G_original_plus_trajectory,class_weight=balanced;l2_regularization=1.0;learning_rate=0.05;max_leaf_nodes=7,0.47763536796662504,5,5.35,3479.54,4.0,0,histgb,0,100,1,safe_histgb_start4_every_sample_lambda5,1,safe_stop,21,1,66.5625,every_sample,outer_fold,inner_oof,0.5,4,62.46009509208742,535,347954,1
0.77,77,23,uncalibrated,G_original_plus_trajectory,class_weight=balanced;l2_regularization=1.0;learning_rate=0.05;max_leaf_nodes=7,0.5301753215732964,10,6.87,4652.5,4.0,0,histgb,0,100,1,safe_histgb_start4_every_sample_lambda10,0,safe_stop,14,0,57.06249999999999,every_sample,outer_fold,inner_oof,0.075,4,49.80531691428658,687,465250,9
0.77,77,23,uncalibrated,G_original_plus_trajectory,class_weight=balanced;l2_regularization=1.0;learning_rate=0.05;max_leaf_nodes=7,0.5796975949830524,20,7.97,5345.55,5.0,0,histgb,0,100,1,safe_histgb_start4_every_sample_lambda20,0,safe_stop,12,0,50.18750000000001,every_sample,outer_fold,inner_oof,0.02,4,42.3281701947694,797,534555,14
0.79,77,21,uncalibrated,G_original_plus_trajectory,class_weight=balanced;l2_regularization=1.0;learning_rate=0.05;max_leaf_nodes=7,0.4390614859644238,2,5.68,3781.84,4.0,0,histgb,0,100,1,safe_histgb_start4_checkpoint_lambda2,2,safe_stop,14,2,64.5,checkpoint,outer_fold,inner_oof,0.7,4,59.198654426464394,568,378184,8
0.79,77,21,uncalibrated,G_original_plus_trajectory,class_weight=balanced;l2_regularization=1.0;learning_rate=0.05;max_leaf_nodes=7,0.4990614859644238,5,5.68,3781.84,4.0,0,histgb,0,100,1,safe_histgb_start4_checkpoint_lambda5,2,safe_stop,14,2,64.5,checkpoint,outer_fold,inner_oof,0.7,4,59.198654426464394,568,378184,8
0.77,77,23,uncalibrated,G_original_plus_trajectory,class_weight=balanced;l2_regularization=1.0;learning_rate=0.05;max_leaf_nodes=7,0.5582405808390086,10,8.0,5449.42,4.0,0,histgb,0,100,1,safe_histgb_start4_checkpoint_lambda10,0,safe_stop,7,0,50.0,checkpoint,outer_fold,inner_oof,0.075,4,41.20754220291275,800,544942,27
0.77,77,23,uncalibrated,G_original_plus_trajectory,class_weight=balanced;l2_regularization=1.0;learning_rate=0.05;max_leaf_nodes=7,0.5832405808390086,20,8.0,5449.42,4.0,0,histgb,0,100,1,safe_histgb_start4_checkpoint_lambda20,0,safe_stop,7,0,50.0,checkpoint,outer_fold,inner_oof,0.075,4,41.20754220291275,800,544942,27
0.86,85,13,uncalibrated,G_original_plus_trajectory,C=0.1;class_weight=balanced,0.3124879213522484,2,3.2,1929.65,2.0,1,logistic,1,100,2,safe_logistic_start2_every_sample_lambda2,1,safe_stop,13,1,80.0,every_sample,outer_fold,inner_oof,0.7,2,77.79752967098716,320,192965,1
0.85,85,14,uncalibrated,G_original_plus_trajectory,C=0.1;class_weight=balanced,0.40755444144131525,5,3.82,2440.59,2.0,1,logistic,1,100,2,safe_logistic_start2_every_sample_lambda5,0,safe_stop,13,0,76.125,every_sample,outer_fold,inner_oof,0.5,2,71.91867589444435,382,244059,2
0.85,85,14,uncalibrated,G_original_plus_trajectory,C=0.1;class_weight=balanced,0.5075544414413153,10,3.82,2440.59,2.0,1,logistic,1,100,2,safe_logistic_start2_every_sample_lambda10,0,safe_stop,13,0,76.125,every_sample,outer_fold,inner_oof,0.5,2,71.91867589444435,382,244059,2
0.86,86,14,uncalibrated,G_original_plus_trajectory,C=0.1;class_weight=balanced,0.5611589900149845,20,6.56,4070.14,4.0,0,logistic,0,100,2,safe_logistic_start2_every_sample_lambda20,0,safe_stop,5,0,59.00000000000001,every_sample,outer_fold,inner_oof,0.075,2,53.16914332395598,656,407014,9
0.85,85,14,uncalibrated,G_original_plus_trajectory,C=0.1;class_weight=balanced,0.3407543378100186,2,3.78,2313.85,2.0,1,logistic,1,100,2,safe_logistic_start2_checkpoint_lambda2,0,safe_stop,8,0,76.375,checkpoint,outer_fold,inner_oof,0.7,2,73.37694091115675,378,231385,9
0.85,85,14,uncalibrated,G_original_plus_trajectory,C=0.1;class_weight=balanced,0.42325433781001864,5,3.78,2313.85,2.0,1,logistic,1,100,2,safe_logistic_start2_checkpoint_lambda5,0,safe_stop,8,0,76.375,checkpoint,outer_fold,inner_oof,0.7,2,73.37694091115675,378,231385,9
0.85,85,14,uncalibrated,G_original_plus_trajectory,C=0.1;class_weight=balanced,0.5098566667133475,10,4.6,3020.64,2.0,1,logistic,1,100,2,safe_logistic_start2_checkpoint_lambda10,0,safe_stop,5,0,71.25,checkpoint,outer_fold,inner_oof,0.5,2,65.2446454151637,460,302064,15
0.86,86,14,uncalibrated,G_original_plus_trajectory,C=0.1;class_weight=balanced,0.6101279986555941,20,6.92,4302.36,4.0,0,logistic,0,100,2,safe_logistic_start2_checkpoint_lambda20,0,safe_stop,2,0,56.75,checkpoint,outer_fold,inner_oof,0.2,2,50.49722994080186,692,430236,20
0.86,85,13,uncalibrated,G_original_plus_trajectory,C=0.1;class_weight=balanced,0.3881722380158808,2,4.95,2890.96,4.0,1,logistic,1,100,2,safe_logistic_start4_every_sample_lambda2,1,safe_stop,13,1,69.0625,every_sample,outer_fold,inner_oof,0.7,4,66.73673794607157,495,289096,1
0.86,85,13,uncalibrated,G_original_plus_trajectory,C=0.1;class_weight=balanced,0.4556722380158808,5,4.95,2890.96,4.0,1,logistic,1,100,2,safe_logistic_start4_every_sample_lambda5,1,safe_stop,13,1,69.0625,every_sample,outer_fold,inner_oof,0.7,4,66.73673794607157,495,289096,1
0.86,86,14,uncalibrated,G_original_plus_trajectory,C=0.1;class_weight=balanced,0.5122478188412901,10,5.38,3191.07,4.0,0,logistic,0,100,2,safe_logistic_start4_every_sample_lambda10,0,safe_stop,12,0,66.375,every_sample,outer_fold,inner_oof,0.5,4,63.28368512797501,538,319107,2
0.86,86,14,uncalibrated,G_original_plus_trajectory,C=0.1;class_weight=balanced,0.5611589900149845,20,6.56,4070.14,4.0,0,logistic,0,100,2,safe_logistic_start4_every_sample_lambda20,0,safe_stop,5,0,59.00000000000001,every_sample,outer_fold,inner_oof,0.075,4,53.16914332395598,656,407014,9
0.86,86,14,uncalibrated,G_original_plus_trajectory,C=0.1;class_weight=balanced,0.43370446874956237,2,5.76,3480.71,4.0,0,logistic,0,100,2,safe_logistic_start4_checkpoint_lambda2,0,safe_stop,5,0,64.0,checkpoint,outer_fold,inner_oof,0.7,4,59.95109968186028,576,348071,11
0.86,86,14,uncalibrated,G_original_plus_trajectory,C=0.1;class_weight=balanced,0.47120446874956234,5,5.76,3480.71,4.0,0,logistic,0,100,2,safe_logistic_start4_checkpoint_lambda5,0,safe_stop,5,0,64.0,checkpoint,outer_fold,inner_oof,0.7,4,59.95109968186028,576,348071,11
0.86,86,14,uncalibrated,G_original_plus_trajectory,C=0.1;class_weight=balanced,0.5337044687495623,10,5.76,3480.71,4.0,0,logistic,0,100,2,safe_logistic_start4_checkpoint_lambda10,0,safe_stop,5,0,64.0,checkpoint,outer_fold,inner_oof,0.7,4,59.95109968186028,576,348071,11
0.86,86,14,uncalibrated,G_original_plus_trajectory,C=0.1;class_weight=balanced,0.5665322727463694,20,6.64,4084.29,4.0,0,logistic,0,100,2,safe_logistic_start4_checkpoint_lambda20,0,safe_stop,3,0,58.5,checkpoint,outer_fold,inner_oof,0.4,4,53.00633402944375,664,408429,17
0.86,85,13,uncalibrated,G_original_plus_trajectory,class_weight=balanced;l2_regularization=1.0;learning_rate=0.05;max_leaf_nodes=7,0.3091598162645119,2,3.28,2080.31,2.0,1,histgb,1,100,2,safe_histgb_start2_every_sample_lambda2,1,safe_stop,13,1,79.5,every_sample,outer_fold,inner_oof,0.7,2,76.06404215782722,328,208031,1
0.86,85,13,uncalibrated,G_original_plus_trajectory,class_weight=balanced;l2_regularization=1.0;learning_rate=0.05;max_leaf_nodes=7,0.40665981626451186,5,3.28,2080.31,2.0,1,histgb,1,100,2,safe_histgb_start2_every_sample_lambda5,1,safe_stop,13,1,79.5,every_sample,outer_fold,inner_oof,0.7,2,76.06404215782722,328,208031,1
0.86,85,13,uncalibrated,G_original_plus_trajectory,class_weight=balanced;l2_regularization=1.0;learning_rate=0.05;max_leaf_nodes=7,0.5354902880669963,10,3.75,2402.49,2.0,1,histgb,1,100,2,safe_histgb_start2_every_sample_lambda10,1,safe_stop,11,1,76.5625,every_sample,outer_fold,inner_oof,0.4,2,72.35705286412039,375,240249,3
0.86,86,14,uncalibrated,G_original_plus_trajectory,class_weight=balanced;l2_regularization=1.0;learning_rate=0.05;max_leaf_nodes=7,0.6395619477082078,20,6.19,3808.82,4.0,0,histgb,0,100,2,safe_histgb_start2_every_sample_lambda20,0,safe_stop,8,0,61.31249999999999,every_sample,outer_fold,inner_oof,0.03,2,56.17588006190205,619,380882,6
0.85,85,14,uncalibrated,G_original_plus_trajectory,class_weight=balanced;l2_regularization=1.0;learning_rate=0.05;max_leaf_nodes=7,0.3713286512526783,2,4.12,2685.27,2.0,1,histgb,1,100,2,safe_histgb_start2_checkpoint_lambda2,0,safe_stop,6,0,74.25,checkpoint,outer_fold,inner_oof,0.7,2,69.10339828446178,412,268527,10
0.85,85,14,uncalibrated,G_original_plus_trajectory,class_weight=balanced;l2_regularization=1.0;learning_rate=0.05;max_leaf_nodes=7,0.4538286512526783,5,4.12,2685.27,2.0,1,histgb,1,100,2,safe_histgb_start2_checkpoint_lambda5,0,safe_stop,6,0,74.25,checkpoint,outer_fold,inner_oof,0.7,2,69.10339828446178,412,268527,10
0.85,85,14,uncalibrated,G_original_plus_trajectory,class_weight=balanced;l2_regularization=1.0;learning_rate=0.05;max_leaf_nodes=7,0.5501078325654347,10,4.52,2958.61,2.0,1,histgb,1,100,2,safe_histgb_start2_checkpoint_lambda10,0,safe_stop,5,0,71.75,checkpoint,outer_fold,inner_oof,0.4,2,65.95835994085938,452,295861,14
0.86,86,14,uncalibrated,G_original_plus_trajectory,class_weight=balanced;l2_regularization=1.0;learning_rate=0.05;max_leaf_nodes=7,0.6152459842872547,20,6.84,4240.23,4.0,0,histgb,0,100,2,safe_histgb_start2_checkpoint_lambda20,0,safe_stop,3,0,57.25,checkpoint,outer_fold,inner_oof,0.1,2,51.21209506221847,684,424023,19
0.86,85,13,uncalibrated,G_original_plus_trajectory,class_weight=balanced;l2_regularization=1.0;learning_rate=0.05;max_leaf_nodes=7,0.3773954234178722,2,4.92,2907.08,4.0,1,histgb,1,100,2,safe_histgb_start4_every_sample_lambda2,1,safe_stop,13,1,69.25,every_sample,outer_fold,inner_oof,0.7,4,66.55126191585694,492,290708,1
0.86,85,13,uncalibrated,G_original_plus_trajectory,class_weight=balanced;l2_regularization=1.0;learning_rate=0.05;max_leaf_nodes=7,0.4448954234178722,5,4.92,2907.08,4.0,1,histgb,1,100,2,safe_histgb_start4_every_sample_lambda5,1,safe_stop,13,1,69.25,every_sample,outer_fold,inner_oof,0.7,4,66.55126191585694,492,290708,1
0.86,85,13,uncalibrated,G_original_plus_trajectory,class_weight=balanced;l2_regularization=1.0;learning_rate=0.05;max_leaf_nodes=7,0.5345632080888428,10,5.26,3131.33,4.0,1,histgb,1,100,2,safe_histgb_start4_every_sample_lambda10,1,safe_stop,11,1,67.125,every_sample,outer_fold,inner_oof,0.4,4,63.971051011661295,526,313133,3
0.86,86,14,uncalibrated,G_original_plus_trajectory,class_weight=balanced;l2_regularization=1.0;learning_rate=0.05;max_leaf_nodes=7,0.6348771128880922,20,5.55,3309.05,4.0,0,histgb,0,100,2,safe_histgb_start4_every_sample_lambda20,0,safe_stop,11,0,65.3125,every_sample,outer_fold,inner_oof,0.15,4,61.92621229641647,555,330905,3
0.86,86,14,uncalibrated,G_original_plus_trajectory,class_weight=balanced;l2_regularization=1.0;learning_rate=0.05;max_leaf_nodes=7,0.4419323035556738,2,5.76,3487.83,4.0,0,histgb,0,100,2,safe_histgb_start4_checkpoint_lambda2,0,safe_stop,5,0,64.0,checkpoint,outer_fold,inner_oof,0.7,4,59.86917726652974,576,348783,11
0.86,86,14,uncalibrated,G_original_plus_trajectory,class_weight=balanced;l2_regularization=1.0;learning_rate=0.05;max_leaf_nodes=7,0.5019323035556739,5,5.76,3487.83,4.0,0,histgb,0,100,2,safe_histgb_start4_checkpoint_lambda5,0,safe_stop,5,0,64.0,checkpoint,outer_fold,inner_oof,0.7,4,59.86917726652974,576,348783,11
0.86,86,14,uncalibrated,G_original_plus_trajectory,class_weight=balanced;l2_regularization=1.0;learning_rate=0.05;max_leaf_nodes=7,0.5657271696052207,10,6.0,3641.82,4.0,0,histgb,0,100,2,safe_histgb_start4_checkpoint_lambda10,0,safe_stop,5,0,62.5,checkpoint,outer_fold,inner_oof,0.5,4,58.09737491586269,600,364182,14
0.86,86,14,uncalibrated,G_original_plus_trajectory,class_weight=balanced;l2_regularization=1.0;learning_rate=0.05;max_leaf_nodes=7,0.5961699833349672,20,6.44,3954.5,4.0,0,histgb,0,100,2,safe_histgb_start4_checkpoint_lambda20,0,safe_stop,3,0,59.74999999999999,checkpoint,outer_fold,inner_oof,0.2,4,54.49969221564466,644,395450,17
0.75,72,20,uncalibrated,G_original_plus_trajectory,C=0.1;class_weight=balanced,0.296850388334738,2,3.5,2350.59,2.0,5,logistic,5,100,3,safe_logistic_start2_every_sample_lambda2,3,safe_stop,24,3,78.125,every_sample,outer_fold,inner_oof,0.7,2,74.38777633828416,350,235059,2
0.75,72,20,uncalibrated,G_original_plus_trajectory,C=0.1;class_weight=balanced,0.37185038833473794,5,3.5,2350.59,2.0,5,logistic,5,100,3,safe_logistic_start2_every_sample_lambda5,3,safe_stop,24,3,78.125,every_sample,outer_fold,inner_oof,0.7,2,74.38777633828416,350,235059,2
0.74,74,23,uncalibrated,G_original_plus_trajectory,C=0.1;class_weight=balanced,0.49663378864322505,10,4.63,3230.49,2.0,3,logistic,3,100,3,safe_logistic_start2_every_sample_lambda10,0,safe_stop,21,0,71.0625,every_sample,outer_fold,inner_oof,0.4,2,64.80031293550282,463,323049,6
0.77,77,23,uncalibrated,G_original_plus_trajectory,C=0.1;class_weight=balanced,0.5250137433469707,20,7.47,4961.12,4.0,0,logistic,0,100,3,safe_logistic_start2_every_sample_lambda20,0,safe_stop,9,0,53.31250000000001,every_sample,outer_fold,inner_oof,0.1,2,45.94322487009145,747,496112,20
0.75,74,22,uncalibrated,G_original_plus_trajectory,C=0.1;class_weight=balanced,0.34087353167671103,2,4.32,3013.77,2.0,3,logistic,3,100,3,safe_logistic_start2_checkpoint_lambda2,1,safe_stop,15,1,73.0,checkpoint,outer_fold,inner_oof,0.7,2,67.16171203614012,432,301377,13
0.75,74,22,uncalibrated,G_original_plus_trajectory,C=0.1;class_weight=balanced,0.40837353167671103,5,4.32,3013.77,2.0,3,logistic,3,100,3,safe_logistic_start2_checkpoint_lambda5,1,safe_stop,15,1,73.0,checkpoint,outer_fold,inner_oof,0.7,2,67.16171203614012,432,301377,13
0.75,75,23,uncalibrated,G_original_plus_trajectory,C=0.1;class_weight=balanced,0.5015143237478221,10,4.98,3533.27,2.0,2,logistic,2,100,3,safe_logistic_start2_checkpoint_lambda10,0,safe_stop,12,0,68.875,checkpoint,outer_fold,inner_oof,0.5,2,61.501196934713946,498,353327,17
0.77,77,23,uncalibrated,G_original_plus_trajectory,C=0.1;class_weight=balanced,0.5574012466692261,20,7.52,5071.97,4.0,0,logistic,0,100,3,safe_logistic_start2_checkpoint_lambda20,0,safe_stop,5,0,53.0,checkpoint,outer_fold,inner_oof,0.3,2,44.73539407318463,752,507197,25
0.76,74,21,uncalibrated,G_original_plus_trajectory,C=0.1;class_weight=balanced,0.3811064530125189,2,5.41,3429.58,4.0,3,logistic,3,100,3,safe_logistic_start4_every_sample_lambda2,2,safe_stop,23,2,66.1875,every_sample,outer_fold,inner_oof,0.7,4,62.631011777576084,541,342958,2
0.76,74,21,uncalibrated,G_original_plus_trajectory,C=0.1;class_weight=balanced,0.4261064530125189,5,5.41,3429.58,4.0,3,logistic,3,100,3,safe_logistic_start4_every_sample_lambda5,2,safe_stop,23,2,66.1875,every_sample,outer_fold,inner_oof,0.7,4,62.631011777576084,541,342958,2
0.76,76,23,uncalibrated,G_original_plus_trajectory,C=0.1;class_weight=balanced,0.49385689427617996,10,6.44,4185.94,4.0,1,logistic,1,100,3,safe_logistic_start4_every_sample_lambda10,0,safe_stop,18,0,59.74999999999999,every_sample,outer_fold,inner_oof,0.4,4,54.38965046455449,644,418594,7
0.77,77,23,uncalibrated,G_original_plus_trajectory,C=0.1;class_weight=balanced,0.5250137433469707,20,7.47,4961.12,4.0,0,logistic,0,100,3,safe_logistic_start4_every_sample_lambda20,0,safe_stop,9,0,53.31250000000001,every_sample,outer_fold,inner_oof,0.1,4,45.94322487009145,747,496112,20
0.77,76,22,uncalibrated,G_original_plus_trajectory,C=0.1;class_weight=balanced,0.4332885671254597,2,6.28,4142.5,4.0,1,logistic,1,100,3,safe_logistic_start4_checkpoint_lambda2,1,safe_stop,11,1,60.74999999999999,checkpoint,outer_fold,inner_oof,0.7,4,54.86297630864681,628,414250,16
0.77,76,22,uncalibrated,G_original_plus_trajectory,C=0.1;class_weight=balanced,0.4632885671254597,5,6.28,4142.5,4.0,1,logistic,1,100,3,safe_logistic_start4_checkpoint_lambda5,1,safe_stop,11,1,60.74999999999999,checkpoint,outer_fold,inner_oof,0.7,4,54.86297630864681,628,414250,16
0.77,76,22,uncalibrated,G_original_plus_trajectory,C=0.1;class_weight=balanced,0.5132885671254597,10,6.28,4142.5,4.0,1,logistic,1,100,3,safe_logistic_start4_checkpoint_lambda10,1,safe_stop,11,1,60.74999999999999,checkpoint,outer_fold,inner_oof,0.7,4,54.86297630864681,628,414250,16
0.77,77,23,uncalibrated,G_original_plus_trajectory,C=0.1;class_weight=balanced,0.5591327948061507,20,7.2,4778.0,4.0,0,logistic,0,100,3,safe_logistic_start4_checkpoint_lambda20,0,safe_stop,7,0,55.00000000000001,checkpoint,outer_fold,inner_oof,0.4,4,47.93851558303306,720,477800,22
0.74,71,20,uncalibrated,G_original_plus_trajectory,class_weight=balanced;l2_regularization=1.0;learning_rate=0.05;max_leaf_nodes=7,0.29903357011265,2,3.46,2361.32,2.0,6,histgb,6,100,3,safe_histgb_start2_every_sample_lambda2,3,safe_stop,25,3,78.375,every_sample,outer_fold,inner_oof,0.7,2,74.27086136804681,346,236132,1
0.74,71,20,uncalibrated,G_original_plus_trajectory,class_weight=balanced;l2_regularization=1.0;learning_rate=0.05;max_leaf_nodes=7,0.38153357011265,5,3.46,2361.32,2.0,6,histgb,6,100,3,safe_histgb_start2_every_sample_lambda5,3,safe_stop,25,3,78.375,every_sample,outer_fold,inner_oof,0.7,2,74.27086136804681,346,236132,1
0.73,72,22,uncalibrated,G_original_plus_trajectory,class_weight=balanced;l2_regularization=1.0;learning_rate=0.05;max_leaf_nodes=7,0.4834762376395063,10,4.69,3316.05,2.0,5,histgb,5,100,3,safe_histgb_start2_every_sample_lambda10,1,safe_stop,21,1,70.68749999999999,every_sample,outer_fold,inner_oof,0.4,2,63.86804407683482,469,331605,7
0.77,77,23,uncalibrated,G_original_plus_trajectory,class_weight=balanced;l2_regularization=1.0;learning_rate=0.05;max_leaf_nodes=7,0.6004044065032155,20,6.82,4593.04,4.0,0,histgb,0,100,3,safe_histgb_start2_every_sample_lambda20,0,safe_stop,13,0,57.375,every_sample,outer_fold,inner_oof,0.1,2,49.95385508863419,682,459304,13
0.75,74,22,uncalibrated,G_original_plus_trajectory,class_weight=balanced;l2_regularization=1.0;learning_rate=0.05;max_leaf_nodes=7,0.3621561266932144,2,4.3,3008.61,2.0,3,histgb,3,100,3,safe_histgb_start2_checkpoint_lambda2,1,safe_stop,16,1,73.125,checkpoint,outer_fold,inner_oof,0.7,2,67.21793582425055,430,300861,12
0.75,74,22,uncalibrated,G_original_plus_trajectory,class_weight=balanced;l2_regularization=1.0;learning_rate=0.05;max_leaf_nodes=7,0.4296561266932144,5,4.3,3008.61,2.0,3,histgb,3,100,3,safe_histgb_start2_checkpoint_lambda5,1,safe_stop,16,1,73.125,checkpoint,outer_fold,inner_oof,0.7,2,67.21793582425055,430,300861,12
0.76,75,22,uncalibrated,G_original_plus_trajectory,class_weight=balanced;l2_regularization=1.0;learning_rate=0.05;max_leaf_nodes=7,0.49627407641300914,10,5.38,3919.43,2.0,2,histgb,2,100,3,safe_histgb_start2_checkpoint_lambda10,1,safe_stop,11,1,66.375,checkpoint,outer_fold,inner_oof,0.4,2,57.29356553612541,538,391943,18
0.76,76,23,uncalibrated,G_original_plus_trajectory,class_weight=balanced;l2_regularization=1.0;learning_rate=0.05;max_leaf_nodes=7,0.5846085872066477,20,6.6,4745.68,4.0,1,histgb,1,100,3,safe_histgb_start2_checkpoint_lambda20,0,safe_stop,7,0,58.75,checkpoint,outer_fold,inner_oof,0.2,2,48.29067698453083,660,474568,24
0.75,73,21,uncalibrated,G_original_plus_trajectory,class_weight=balanced;l2_regularization=1.0;learning_rate=0.05;max_leaf_nodes=7,0.3720483493218056,2,5.19,3272.2,4.0,4,histgb,4,100,3,safe_histgb_start4_every_sample_lambda2,2,safe_stop,24,2,67.56249999999999,every_sample,outer_fold,inner_oof,0.7,4,64.34583731494365,519,327220,1
0.75,73,21,uncalibrated,G_original_plus_trajectory,class_weight=balanced;l2_regularization=1.0;learning_rate=0.05;max_leaf_nodes=7,0.4320483493218056,5,5.19,3272.2,4.0,4,histgb,4,100,3,safe_histgb_start4_every_sample_lambda5,2,safe_stop,24,2,67.56249999999999,every_sample,outer_fold,inner_oof,0.7,4,64.34583731494365,519,327220,1
0.75,74,22,uncalibrated,G_original_plus_trajectory,class_weight=balanced;l2_regularization=1.0;learning_rate=0.05;max_leaf_nodes=7,0.5034757038070207,10,6.32,4131.7,4.0,3,histgb,3,100,3,safe_histgb_start4_every_sample_lambda10,1,safe_stop,18,1,60.5,every_sample,outer_fold,inner_oof,0.4,4,54.98065400469186,632,413170,8
0.77,77,23,uncalibrated,G_original_plus_trajectory,class_weight=balanced;l2_regularization=1.0;learning_rate=0.05;max_leaf_nodes=7,0.5690507776917083,20,7.07,4678.99,4.0,0,histgb,0,100,3,safe_histgb_start4_every_sample_lambda20,0,safe_stop,13,0,55.8125,every_sample,outer_fold,inner_oof,0.1,4,49.01733675760901,707,467899,13
0.77,76,22,uncalibrated,G_original_plus_trajectory,class_weight=balanced;l2_regularization=1.0;learning_rate=0.05;max_leaf_nodes=7,0.4342741809078787,2,6.0,3894.63,4.0,1,histgb,1,100,3,safe_histgb_start4_checkpoint_lambda2,1,safe_stop,13,1,62.5,checkpoint,outer_fold,inner_oof,0.7,4,57.56378839371035,600,389463,13
0.77,76,22,uncalibrated,G_original_plus_trajectory,class_weight=balanced;l2_regularization=1.0;learning_rate=0.05;max_leaf_nodes=7,0.4792741809078787,5,6.0,3894.63,4.0,1,histgb,1,100,3,safe_histgb_start4_checkpoint_lambda5,1,safe_stop,13,1,62.5,checkpoint,outer_fold,inner_oof,0.7,4,57.56378839371035,600,389463,13
0.78,77,22,uncalibrated,G_original_plus_trajectory,class_weight=balanced;l2_regularization=1.0;learning_rate=0.05;max_leaf_nodes=7,0.5430334860624288,10,7.04,4759.53,4.0,0,histgb,0,100,3,safe_histgb_start4_checkpoint_lambda10,1,safe_stop,8,1,56.00000000000001,checkpoint,outer_fold,inner_oof,0.4,4,48.13976623543602,704,475953,20
0.77,77,23,uncalibrated,G_original_plus_trajectory,class_weight=balanced;l2_regularization=1.0;learning_rate=0.05;max_leaf_nodes=7,0.5718641316817087,20,7.6,5102.46,4.0,0,histgb,0,100,3,safe_histgb_start4_checkpoint_lambda20,0,safe_stop,6,0,52.5,checkpoint,outer_fold,inner_oof,0.2,4,44.40317250351671,760,510246,25
0.74,73,22,uncalibrated,G_original_plus_trajectory,C=0.1;class_weight=None,0.2717385442331232,2,2.61,1590.84,2.0,4,logistic,4,100,4,safe_logistic_start2_every_sample_lambda2,1,safe_stop,25,1,83.6875,every_sample,outer_fold,inner_oof,0.3,2,81.5980853606201,261,159084,1
0.74,73,22,uncalibrated,G_original_plus_trajectory,C=0.1;class_weight=None,0.373192487317369,5,2.97,1805.03,2.0,4,logistic,4,100,4,safe_logistic_start2_every_sample_lambda5,1,safe_stop,25,1,81.4375,every_sample,outer_fold,inner_oof,0.2,2,79.12045964300628,297,180503,1
0.76,76,23,uncalibrated,G_original_plus_trajectory,C=0.1;class_weight=None,0.4766616652232971,10,6.21,4031.77,3.0,1,logistic,1,100,4,safe_logistic_start2_every_sample_lambda10,0,safe_stop,14,0,61.18749999999999,every_sample,outer_fold,inner_oof,0.03,2,53.362822543051045,621,403177,11
0.76,76,23,uncalibrated,G_original_plus_trajectory,C=0.1;class_weight=None,0.5016616652232971,20,6.21,4031.77,3.0,1,logistic,1,100,4,safe_logistic_start2_every_sample_lambda20,0,safe_stop,14,0,61.18749999999999,every_sample,outer_fold,inner_oof,0.03,2,53.362822543051045,621,403177,11
0.73,72,22,uncalibrated,G_original_plus_trajectory,C=0.1;class_weight=None,0.2911476242584549,2,2.74,1670.07,2.0,5,logistic,5,100,4,safe_logistic_start2_checkpoint_lambda2,1,safe_stop,26,1,82.875,checkpoint,outer_fold,inner_oof,0.5,2,80.68159866373162,274,167007,1
0.73,72,22,uncalibrated,G_original_plus_trajectory,C=0.1;class_weight=None,0.3906821543577453,5,3.38,2076.15,2.0,5,logistic,5,100,4,safe_logistic_start2_checkpoint_lambda5,1,safe_stop,24,1,78.875,checkpoint,outer_fold,inner_oof,0.3,2,75.98430069739976,338,207615,3
0.76,75,22,uncalibrated,G_original_plus_trajectory,C=0.1;class_weight=None,0.4862219745743179,10,5.14,3382.25,2.0,2,logistic,2,100,4,safe_logistic_start2_checkpoint_lambda10,1,safe_stop,12,1,67.875,checkpoint,outer_fold,inner_oof,0.1,2,60.87609326579502,514,338225,19
0.76,76,23,uncalibrated,G_original_plus_trajectory,C=0.1;class_weight=None,0.5505937395803263,20,7.76,4872.96,4.0,1,logistic,1,100,4,safe_logistic_start2_checkpoint_lambda20,0,safe_stop,9,0,51.5,checkpoint,outer_fold,inner_oof,0.03,2,43.6324244040176,776,487296,26
0.74,73,22,uncalibrated,G_original_plus_trajectory,C=0.1;class_weight=None,0.36347744651140934,2,4.63,2655.87,4.0,4,logistic,4,100,4,safe_logistic_start4_every_sample_lambda2,1,safe_stop,25,1,71.0625,every_sample,outer_fold,inner_oof,0.3,4,69.27843589971971,463,265587,1
0.74,74,23,uncalibrated,G_original_plus_trajectory,C=0.1;class_weight=None,0.41702454399591826,5,5.24,3058.85,4.0,3,logistic,3,100,4,safe_logistic_start4_every_sample_lambda5,0,safe_stop,24,0,67.25,every_sample,outer_fold,inner_oof,0.15,4,64.61699693579041,524,305885,2
0.75,75,23,uncalibrated,G_original_plus_trajectory,C=0.1;class_weight=None,0.45324383323151424,10,6.08,3679.42,4.0,2,logistic,2,100,4,safe_logistic_start4_every_sample_lambda10,0,safe_stop,18,0,62.0,every_sample,outer_fold,inner_oof,0.075,4,57.438603025805754,608,367942,7
0.75,75,23,uncalibrated,G_original_plus_trajectory,C=0.1;class_weight=None,0.4782438332315142,20,6.08,3679.42,4.0,2,logistic,2,100,4,safe_logistic_start4_every_sample_lambda20,0,safe_stop,18,0,62.0,every_sample,outer_fold,inner_oof,0.075,4,57.438603025805754,608,367942,7
0.72,71,22,uncalibrated,G_original_plus_trajectory,C=0.1;class_weight=None,0.37749087544280113,2,4.2,2374.72,4.0,6,logistic,6,100,4,safe_logistic_start4_checkpoint_lambda2,1,safe_stop,27,1,73.75,checkpoint,outer_fold,inner_oof,0.7,4,72.5306160692287,420,237472,1
0.73,73,23,uncalibrated,G_original_plus_trajectory,C=0.1;class_weight=None,0.4383522593768671,5,5.72,3409.6,4.0,4,logistic,4,100,4,safe_logistic_start4_checkpoint_lambda5,0,safe_stop,20,0,64.25,checkpoint,outer_fold,inner_oof,0.2,4,60.55972432524346,572,340960,9
0.75,75,23,uncalibrated,G_original_plus_trajectory,C=0.1;class_weight=None,0.4717217049215545,10,6.84,4207.52,4.0,2,logistic,2,100,4,safe_logistic_start4_checkpoint_lambda10,0,safe_stop,12,0,57.25,checkpoint,outer_fold,inner_oof,0.1,4,51.32984845522888,684,420752,20
0.75,75,23,uncalibrated,G_original_plus_trajectory,C=0.1;class_weight=None,0.4717217049215545,20,6.84,4207.52,4.0,2,logistic,2,100,4,safe_logistic_start4_checkpoint_lambda20,0,safe_stop,12,0,57.25,checkpoint,outer_fold,inner_oof,0.1,4,51.32984845522888,684,420752,20
0.74,73,22,uncalibrated,G_original_plus_trajectory,class_weight=None;l2_regularization=1.0;learning_rate=0.05;max_leaf_nodes=7,0.2750589991295027,2,2.5,1511.46,2.0,4,histgb,4,100,4,safe_histgb_start2_every_sample_lambda2,1,safe_stop,25,1,84.375,every_sample,outer_fold,inner_oof,0.4,2,82.51630717052807,250,151146,1
0.75,74,22,uncalibrated,G_original_plus_trajectory,class_weight=None;l2_regularization=1.0;learning_rate=0.05;max_leaf_nodes=7,0.3816862696393366,5,3.11,1964.3,2.0,3,histgb,3,100,4,safe_histgb_start2_every_sample_lambda5,1,safe_stop,24,1,80.5625,every_sample,outer_fold,inner_oof,0.2,2,77.27811663892415,311,196430,1
0.75,75,23,uncalibrated,G_original_plus_trajectory,class_weight=None;l2_regularization=1.0;learning_rate=0.05;max_leaf_nodes=7,0.4522029847539894,10,6.03,3910.2,3.0,2,histgb,2,100,4,safe_histgb_start2_every_sample_lambda10,0,safe_stop,13,0,62.31249999999999,every_sample,outer_fold,inner_oof,0.02,2,54.76907380823762,603,391020,14
0.75,75,23,uncalibrated,G_original_plus_trajectory,class_weight=None;l2_regularization=1.0;learning_rate=0.05;max_leaf_nodes=7,0.47720298475398937,20,6.03,3910.2,3.0,2,histgb,2,100,4,safe_histgb_start2_every_sample_lambda20,0,safe_stop,13,0,62.31249999999999,every_sample,outer_fold,inner_oof,0.02,2,54.76907380823762,603,391020,14
0.73,72,22,uncalibrated,G_original_plus_trajectory,class_weight=None;l2_regularization=1.0;learning_rate=0.05;max_leaf_nodes=7,0.29650226799232887,2,2.68,1646.4,2.0,5,histgb,5,100,4,safe_histgb_start2_checkpoint_lambda2,1,safe_stop,26,1,83.25,checkpoint,outer_fold,inner_oof,0.5,2,80.95539949820531,268,164640,1
0.74,73,22,uncalibrated,G_original_plus_trajectory,class_weight=None;l2_regularization=1.0;learning_rate=0.05;max_leaf_nodes=7,0.40948615484110623,5,4.14,2612.81,2.0,4,histgb,4,100,4,safe_histgb_start2_checkpoint_lambda5,1,safe_stop,20,1,74.125,checkpoint,outer_fold,inner_oof,0.2,2,69.77652901051131,414,261281,9
0.76,75,22,uncalibrated,G_original_plus_trajectory,class_weight=None;l2_regularization=1.0;learning_rate=0.05;max_leaf_nodes=7,0.5096133447907786,10,4.68,3044.77,2.0,2,histgb,2,100,4,safe_histgb_start2_checkpoint_lambda10,1,safe_stop,16,1,70.75,checkpoint,outer_fold,inner_oof,0.15,2,64.77986621121879,468,304477,14
0.76,76,23,uncalibrated,G_original_plus_trajectory,class_weight=None;l2_regularization=1.0;learning_rate=0.05;max_leaf_nodes=7,0.5374006144950109,20,7.68,4831.67,4.0,1,histgb,1,100,4,safe_histgb_start2_checkpoint_lambda20,0,safe_stop,8,0,52.0,checkpoint,outer_fold,inner_oof,0.01,2,44.11004318117935,768,483167,25
0.73,72,22,uncalibrated,G_original_plus_trajectory,class_weight=None;l2_regularization=1.0;learning_rate=0.05;max_leaf_nodes=7,0.3533217863768291,2,4.4,2509.86,4.0,5,histgb,5,100,4,safe_histgb_start4_every_sample_lambda2,1,safe_stop,26,1,72.5,every_sample,outer_fold,inner_oof,0.4,4,70.96739491287998,440,250986,1
0.74,73,22,uncalibrated,G_original_plus_trajectory,class_weight=None;l2_regularization=1.0;learning_rate=0.05;max_leaf_nodes=7,0.41798687428810555,5,4.95,2873.56,4.0,4,histgb,4,100,4,safe_histgb_start4_every_sample_lambda5,1,safe_stop,25,1,69.0625,every_sample,outer_fold,inner_oof,0.2,4,66.7603242116514,495,287356,1
0.75,75,23,uncalibrated,G_original_plus_trajectory,class_weight=None;l2_regularization=1.0;learning_rate=0.05;max_leaf_nodes=7,0.4739885783593028,10,6.78,4262.58,4.0,2,histgb,2,100,4,safe_histgb_start4_every_sample_lambda10,0,safe_stop,13,0,57.62499999999999,every_sample,outer_fold,inner_oof,0.01,4,50.692946302879015,678,426258,14
0.75,75,23,uncalibrated,G_original_plus_trajectory,class_weight=None;l2_regularization=1.0;learning_rate=0.05;max_leaf_nodes=7,0.4739885783593028,20,6.78,4262.58,4.0,2,histgb,2,100,4,safe_histgb_start4_every_sample_lambda20,0,safe_stop,13,0,57.62499999999999,every_sample,outer_fold,inner_oof,0.01,4,50.692946302879015,678,426258,14
0.72,71,22,uncalibrated,G_original_plus_trajectory,class_weight=None;l2_regularization=1.0;learning_rate=0.05;max_leaf_nodes=7,0.3756497848372349,2,4.2,2374.72,4.0,6,histgb,6,100,4,safe_histgb_start4_checkpoint_lambda2,1,safe_stop,27,1,73.75,checkpoint,outer_fold,inner_oof,0.7,4,72.5306160692287,420,237472,1
0.73,73,23,uncalibrated,G_original_plus_trajectory,class_weight=None;l2_regularization=1.0;learning_rate=0.05;max_leaf_nodes=7,0.43131899362455833,5,4.96,2913.67,4.0,4,histgb,4,100,4,safe_histgb_start4_checkpoint_lambda5,0,safe_stop,23,0,69.0,checkpoint,outer_fold,inner_oof,0.3,4,66.29635499024288,496,291367,4
0.73,73,23,uncalibrated,G_original_plus_trajectory,class_weight=None;l2_regularization=1.0;learning_rate=0.05;max_leaf_nodes=7,0.49437387971025193,10,6.0,3645.08,4.0,4,histgb,4,100,4,safe_histgb_start4_checkpoint_lambda10,0,safe_stop,19,0,62.5,checkpoint,outer_fold,inner_oof,0.2,4,57.835828233065016,600,364508,11
0.76,76,23,uncalibrated,G_original_plus_trajectory,class_weight=None;l2_regularization=1.0;learning_rate=0.05;max_leaf_nodes=7,0.537504671370485,20,7.68,4831.67,4.0,1,histgb,1,100,4,safe_histgb_start4_checkpoint_lambda20,0,safe_stop,8,0,52.0,checkpoint,outer_fold,inner_oof,0.01,4,44.11004318117935,768,483167,25
0.75,71,19,sigmoid,G_original_plus_trajectory,C=0.1;class_weight=None,0.26104712229170346,2,2.62,1508.37,2.0,6,logistic,6,100,5,safe_logistic_start2_every_sample_lambda2,4,safe_stop,25,4,83.625,every_sample,outer_fold,inner_oof,0.3,2,82.4852734727433,262,150837,0
0.75,71,19,sigmoid,G_original_plus_trajectory,C=0.1;class_weight=None,0.3435471222917035,5,2.62,1508.37,2.0,6,logistic,6,100,5,safe_logistic_start2_every_sample_lambda5,4,safe_stop,25,4,83.625,every_sample,outer_fold,inner_oof,0.3,2,82.4852734727433,262,150837,0
0.72,71,22,sigmoid,G_original_plus_trajectory,C=0.1;class_weight=None,0.4478066459042709,10,4.42,2682.12,2.0,6,logistic,6,100,5,safe_logistic_start2_every_sample_lambda10,1,safe_stop,22,1,72.375,every_sample,outer_fold,inner_oof,0.05,2,68.85605102641543,442,268212,6
0.77,77,23,sigmoid,G_original_plus_trajectory,C=0.1;class_weight=None,0.49452471924933433,20,7.34,4397.17,4.0,0,logistic,0,100,5,safe_logistic_start2_every_sample_lambda20,0,safe_stop,13,0,54.125,every_sample,outer_fold,inner_oof,0.02,2,48.94142017949352,734,439717,14
0.75,71,19,sigmoid,G_original_plus_trajectory,C=0.1;class_weight=None,0.2823525150743489,2,2.94,1716.31,2.0,6,logistic,6,100,5,safe_logistic_start2_checkpoint_lambda2,4,safe_stop,23,4,81.625,checkpoint,outer_fold,inner_oof,0.4,2,80.07073842227308,294,171631,2
0.75,71,19,sigmoid,G_original_plus_trajectory,C=0.1;class_weight=None,0.37235251507434886,5,2.94,1716.31,2.0,6,logistic,6,100,5,safe_logistic_start2_checkpoint_lambda5,4,safe_stop,23,4,81.625,checkpoint,outer_fold,inner_oof,0.4,2,80.07073842227308,294,171631,2
0.76,72,19,sigmoid,G_original_plus_trajectory,C=0.1;class_weight=None,0.45579381510140116,10,3.58,2126.23,2.0,5,logistic,5,100,5,safe_logistic_start2_checkpoint_lambda10,4,safe_stop,19,4,77.625,checkpoint,outer_fold,inner_oof,0.15,2,75.31087400037855,358,212623,7
0.75,74,22,sigmoid,G_original_plus_trajectory,C=0.1;class_weight=None,0.5417094434619693,20,5.24,3263.2,2.0,3,logistic,3,100,5,safe_logistic_start2_checkpoint_lambda20,1,safe_stop,13,1,67.25,checkpoint,outer_fold,inner_oof,0.05,2,62.10872955326341,524,326320,19
0.77,73,19,sigmoid,G_original_plus_trajectory,C=0.1;class_weight=None,0.3585630350359839,2,4.36,2389.63,4.0,4,logistic,4,100,5,safe_logistic_start4_every_sample_lambda2,4,safe_stop,23,4,72.75,every_sample,outer_fold,inner_oof,0.3,4,72.25235456066585,436,238963,0
0.76,74,21,sigmoid,G_original_plus_trajectory,C=0.1;class_weight=None,0.4303250961918964,5,4.96,2771.23,4.0,3,logistic,3,100,5,safe_logistic_start4_every_sample_lambda5,2,safe_stop,24,2,69.0,every_sample,outer_fold,inner_oof,0.15,4,67.82133323115045,496,277123,0
0.75,75,23,sigmoid,G_original_plus_trajectory,C=0.1;class_weight=None,0.5031006096811191,10,6.63,3885.69,4.0,2,logistic,2,100,5,safe_logistic_start4_every_sample_lambda10,0,safe_stop,19,0,58.56250000000001,every_sample,outer_fold,inner_oof,0.05,4,54.88056795103582,663,388569,6
0.77,77,23,sigmoid,G_original_plus_trajectory,C=0.1;class_weight=None,0.5049462532669473,20,7.34,4397.17,4.0,0,logistic,0,100,5,safe_logistic_start4_every_sample_lambda20,0,safe_stop,13,0,54.125,every_sample,outer_fold,inner_oof,0.02,4,48.94142017949352,734,439717,14
0.76,73,20,sigmoid,G_original_plus_trajectory,C=0.1;class_weight=None,0.3709153936098622,2,4.6,2556.34,4.0,4,logistic,4,100,5,safe_logistic_start4_checkpoint_lambda2,3,safe_stop,22,3,71.25,checkpoint,outer_fold,inner_oof,0.4,4,70.31656953487048,460,255634,2
0.76,73,20,sigmoid,G_original_plus_trajectory,C=0.1;class_weight=None,0.43470775213902607,5,4.72,2602.23,4.0,4,logistic,4,100,5,safe_logistic_start4_checkpoint_lambda5,3,safe_stop,22,3,70.5,checkpoint,outer_fold,inner_oof,0.3,4,69.78370902959936,472,260223,2
0.76,74,21,sigmoid,G_original_plus_trajectory,C=0.1;class_weight=None,0.4892103545182804,10,5.44,3121.67,4.0,3,logistic,3,100,5,safe_logistic_start4_checkpoint_lambda10,2,safe_stop,18,2,65.99999999999999,checkpoint,outer_fold,inner_oof,0.15,4,63.752132196781005,544,312167,8
0.77,77,23,sigmoid,G_original_plus_trajectory,C=0.1;class_weight=None,0.5491252741552888,20,7.76,4668.25,4.0,0,logistic,0,100,5,safe_logistic_start4_checkpoint_lambda20,0,safe_stop,7,0,51.5,checkpoint,outer_fold,inner_oof,0.05,4,45.79372295201701,776,466825,26
0.74,71,20,uncalibrated,G_original_plus_trajectory,class_weight=balanced;l2_regularization=1.0;learning_rate=0.1;max_leaf_nodes=7,0.2873146978534843,2,3.07,1813.99,2.0,6,histgb,6,100,5,safe_histgb_start2_every_sample_lambda2,3,safe_stop,26,3,80.8125,every_sample,outer_fold,inner_oof,0.7,2,78.93650843415185,307,181399,0
0.75,73,21,uncalibrated,G_original_plus_trajectory,class_weight=balanced;l2_regularization=1.0;learning_rate=0.1;max_leaf_nodes=7,0.3568565091899312,5,3.97,2492.67,2.0,4,histgb,4,100,5,safe_histgb_start2_every_sample_lambda5,2,safe_stop,23,2,75.1875,every_sample,outer_fold,inner_oof,0.3,2,71.05588590816778,397,249267,2
0.75,73,21,uncalibrated,G_original_plus_trajectory,class_weight=balanced;l2_regularization=1.0;learning_rate=0.1;max_leaf_nodes=7,0.43185650918993124,10,3.97,2492.67,2.0,4,histgb,4,100,5,safe_histgb_start2_every_sample_lambda10,2,safe_stop,23,2,75.1875,every_sample,outer_fold,inner_oof,0.3,2,71.05588590816778,397,249267,2
0.76,76,23,uncalibrated,G_original_plus_trajectory,class_weight=balanced;l2_regularization=1.0;learning_rate=0.1;max_leaf_nodes=7,0.532089471319053,20,6.22,3832.25,3.0,1,histgb,1,100,5,safe_histgb_start2_every_sample_lambda20,0,safe_stop,18,0,61.12500000000001,every_sample,outer_fold,inner_oof,0.075,2,55.50109672422582,622,383225,8
0.75,72,20,uncalibrated,G_original_plus_trajectory,class_weight=balanced;l2_regularization=1.0;learning_rate=0.1;max_leaf_nodes=7,0.33642642353945934,2,3.76,2248.61,2.0,5,histgb,5,100,5,safe_histgb_start2_checkpoint_lambda2,3,safe_stop,20,3,76.5,checkpoint,outer_fold,inner_oof,0.7,2,73.88983524171478,376,224861,8
0.75,72,20,uncalibrated,G_original_plus_trajectory,class_weight=balanced;l2_regularization=1.0;learning_rate=0.1;max_leaf_nodes=7,0.39642642353945934,5,3.76,2248.61,2.0,5,histgb,5,100,5,safe_histgb_start2_checkpoint_lambda5,3,safe_stop,20,3,76.5,checkpoint,outer_fold,inner_oof,0.7,2,73.88983524171478,376,224861,8
0.77,75,21,uncalibrated,G_original_plus_trajectory,class_weight=balanced;l2_regularization=1.0;learning_rate=0.1;max_leaf_nodes=7,0.46788778021968197,10,4.86,3196.42,2.0,2,histgb,2,100,5,safe_histgb_start2_checkpoint_lambda10,2,safe_stop,13,2,69.625,checkpoint,outer_fold,inner_oof,0.4,2,62.884158285928606,486,319642,16
0.77,75,21,uncalibrated,G_original_plus_trajectory,class_weight=balanced;l2_regularization=1.0;learning_rate=0.1;max_leaf_nodes=7,0.5928877802196819,20,4.86,3196.42,2.0,2,histgb,2,100,5,safe_histgb_start2_checkpoint_lambda20,2,safe_stop,13,2,69.625,checkpoint,outer_fold,inner_oof,0.4,2,62.884158285928606,486,319642,16
0.74,72,21,uncalibrated,G_original_plus_trajectory,class_weight=balanced;l2_regularization=1.0;learning_rate=0.1;max_leaf_nodes=7,0.3742889065759262,2,4.81,2695.6,4.0,5,histgb,5,100,5,safe_histgb_start4_every_sample_lambda2,2,safe_stop,26,2,69.93750000000001,every_sample,outer_fold,inner_oof,0.7,4,68.69952543018412,481,269560,0
0.77,75,21,uncalibrated,G_original_plus_trajectory,class_weight=balanced;l2_regularization=1.0;learning_rate=0.1;max_leaf_nodes=7,0.406226566849176,5,5.94,3543.57,4.0,2,histgb,2,100,5,safe_histgb_start4_every_sample_lambda5,2,safe_stop,21,2,62.87499999999999,every_sample,outer_fold,inner_oof,0.3,4,58.853159715327784,594,354357,3
0.77,75,21,uncalibrated,G_original_plus_trajectory,class_weight=balanced;l2_regularization=1.0;learning_rate=0.1;max_leaf_nodes=7,0.44372656684917605,10,5.94,3543.57,4.0,2,histgb,2,100,5,safe_histgb_start4_every_sample_lambda10,2,safe_stop,21,2,62.87499999999999,every_sample,outer_fold,inner_oof,0.3,4,58.853159715327784,594,354357,3
0.77,75,21,uncalibrated,G_original_plus_trajectory,class_weight=balanced;l2_regularization=1.0;learning_rate=0.1;max_leaf_nodes=7,0.5187265668491761,20,5.94,3543.57,4.0,2,histgb,2,100,5,safe_histgb_start4_every_sample_lambda20,2,safe_stop,21,2,62.87499999999999,every_sample,outer_fold,inner_oof,0.3,4,58.853159715327784,594,354357,3
0.76,74,21,uncalibrated,G_original_plus_trajectory,class_weight=balanced;l2_regularization=1.0;learning_rate=0.1;max_leaf_nodes=7,0.41278497058909014,2,5.68,3250.43,4.0,3,histgb,3,100,5,safe_histgb_start4_checkpoint_lambda2,2,safe_stop,18,2,64.5,checkpoint,outer_fold,inner_oof,0.7,4,62.257010848803006,568,325043,10
0.76,74,21,uncalibrated,G_original_plus_trajectory,class_weight=balanced;l2_regularization=1.0;learning_rate=0.1;max_leaf_nodes=7,0.4502849705890901,5,5.68,3250.43,4.0,3,histgb,3,100,5,safe_histgb_start4_checkpoint_lambda5,2,safe_stop,18,2,64.5,checkpoint,outer_fold,inner_oof,0.7,4,62.257010848803006,568,325043,10
0.77,76,22,uncalibrated,G_original_plus_trajectory,class_weight=balanced;l2_regularization=1.0;learning_rate=0.1;max_leaf_nodes=7,0.48248402018408926,10,6.64,4048.91,4.0,1,histgb,1,100,5,safe_histgb_start4_checkpoint_lambda10,1,safe_stop,12,1,58.5,checkpoint,outer_fold,inner_oof,0.4,4,52.98530772723209,664,404891,18
0.77,76,22,uncalibrated,G_original_plus_trajectory,class_weight=balanced;l2_regularization=1.0;learning_rate=0.1;max_leaf_nodes=7,0.5324840201840892,20,6.64,4048.91,4.0,1,histgb,1,100,5,safe_histgb_start4_checkpoint_lambda20,1,safe_stop,12,1,58.5,checkpoint,outer_fold,inner_oof,0.4,4,52.98530772723209,664,404891,18
0.776,376,94,,G_original_plus_trajectory,,,2,2.96,1860.32,2.0,18,logistic,18,500,all,safe_logistic_start2_every_sample_lambda2,12,safe_stop,108,12,81.5,every_sample,outer_aggregate,inner_oof,,2,79.04792581989047,1480,930160,5
0.778,378,95,,G_original_plus_trajectory,,,5,3.276,2100.194,2.0,16,logistic,16,500,all,safe_logistic_start2_every_sample_lambda5,11,safe_stop,106,11,79.525,every_sample,outer_aggregate,inner_oof,,2,76.34631650435357,1638,1050097,6
0.77,383,104,,G_original_plus_trajectory,,,10,4.952,3272.48,3.0,11,logistic,11,500,all,safe_logistic_start2_every_sample_lambda10,2,safe_stop,83,2,69.05,every_sample,outer_aggregate,inner_oof,,2,63.1433066822241,2476,1636240,34
0.788,393,105,,G_original_plus_trajectory,,,20,6.68,4305.098,4.0,1,logistic,1,500,all,safe_logistic_start2_every_sample_lambda20,1,safe_stop,54,1,58.25,every_sample,outer_aggregate,inner_oof,,2,51.51332424064612,3340,2152549,63
0.772,377,97,,G_original_plus_trajectory,,,2,3.384,2170.568,2.0,17,logistic,17,500,all,safe_logistic_start2_checkpoint_lambda2,9,safe_stop,92,9,78.85,checkpoint,outer_aggregate,inner_oof,,2,75.55372100016557,1692,1085284,28
0.774,379,98,,G_original_plus_trajectory,,,5,3.7,2406.576,2.0,15,logistic,15,500,all,safe_logistic_start2_checkpoint_lambda5,8,safe_stop,84,8,76.875,checkpoint,outer_aggregate,inner_oof,,2,72.89565296719312,1850,1203288,35
0.78,384,100,,G_original_plus_trajectory,,,10,4.656,3139.164,2.0,10,logistic,10,500,all,safe_logistic_start2_checkpoint_lambda10,6,safe_stop,61,6,70.9,checkpoint,outer_aggregate,inner_oof,,2,64.64479391097801,2328,1569582,70
0.782,390,105,,G_original_plus_trajectory,,,20,6.96,4511.84,4.0,4,logistic,4,500,all,safe_logistic_start2_checkpoint_lambda20,1,safe_stop,38,1,56.49999999999999,checkpoint,outer_aggregate,inner_oof,,2,49.184867996481564,3480,2255920,111
0.782,380,95,,G_original_plus_trajectory,,,2,4.75,2812.194,4.0,14,logistic,14,500,all,safe_logistic_start4_every_sample_lambda2,11,safe_stop,105,11,70.3125,every_sample,outer_aggregate,inner_oof,,4,68.32733223485262,2375,1406097,5
0.782,384,99,,G_original_plus_trajectory,,,5,5.196,3132.866,4.0,10,logistic,10,500,all,safe_logistic_start4_every_sample_lambda5,7,safe_stop,104,7,67.525,every_sample,outer_aggregate,inner_oof,,4,64.71572588138436,2598,1566433,7
0.78,389,105,,G_original_plus_trajectory,,,10,6.102,3784.186,4.0,5,logistic,5,500,all,safe_logistic_start4_every_sample_lambda10,1,safe_stop,86,1,61.8625,every_sample,outer_aggregate,inner_oof,,4,57.38015729372796,3051,1892093,27
0.784,392,106,,G_original_plus_trajectory,,,20,6.766,4282.654,4.0,2,logistic,2,500,all,safe_logistic_start4_every_sample_lambda20,0,safe_stop,59,0,57.7125,every_sample,outer_aggregate,inner_oof,,4,51.766102447029084,3383,2141327,59
0.778,381,98,,G_original_plus_trajectory,,,2,5.104,3096.998,4.0,13,logistic,13,500,all,safe_logistic_start4_checkpoint_lambda2,8,safe_stop,85,8,68.10000000000001,checkpoint,outer_aggregate,inner_oof,,4,65.11969347657882,2552,1548499,33
0.78,383,99,,G_original_plus_trajectory,,,5,5.432,3313.152,4.0,11,logistic,11,500,all,safe_logistic_start4_checkpoint_lambda5,7,safe_stop,78,7,66.05,checkpoint,outer_aggregate,inner_oof,,4,62.68523346844721,2716,1656576,41
0.784,388,102,,G_original_plus_trajectory,,,10,6.144,3852.236,4.0,6,logistic,6,500,all,safe_logistic_start4_checkpoint_lambda10,4,safe_stop,59,4,61.6,checkpoint,outer_aggregate,inner_oof,,4,56.61373611459939,3072,1926118,67
0.786,392,105,,G_original_plus_trajectory,,,20,6.968,4409.368,4.0,2,logistic,2,500,all,safe_logistic_start4_checkpoint_lambda20,1,safe_stop,42,1,56.45,checkpoint,outer_aggregate,inner_oof,,4,50.33897102466176,3484,2204684,97
0.776,376,94,,G_original_plus_trajectory,,,2,3.178,2056.488,2.0,18,histgb,18,500,all,safe_histgb_start2_every_sample_lambda2,12,safe_stop,108,12,80.13749999999999,every_sample,outer_aggregate,inner_oof,,2,76.83856050222268,1589,1028244,4
0.776,380,98,,G_original_plus_trajectory,,,5,3.544,2333.302,2.0,14,histgb,14,500,all,safe_histgb_start2_every_sample_lambda5,8,safe_stop,106,8,77.85,every_sample,outer_aggregate,inner_oof,,2,73.72091006461365,1772,1166651,6
0.772,382,102,,G_original_plus_trajectory,,,10,5.03,3343.906,3.0,12,histgb,12,500,all,safe_histgb_start2_every_sample_lambda10,4,safe_stop,82,4,68.5625,every_sample,outer_aggregate,inner_oof,,2,62.33886290352554,2515,1671953,35
0.782,391,106,,G_original_plus_trajectory,,,20,6.646,4297.972,5.0,3,histgb,3,500,all,safe_histgb_start2_every_sample_lambda20,0,safe_stop,64,0,58.46249999999999,every_sample,outer_aggregate,inner_oof,,2,51.59358165905126,3323,2148986,55
0.774,380,99,,G_original_plus_trajectory,,,2,3.832,2544.644,2.0,14,histgb,14,500,all,safe_histgb_start2_checkpoint_lambda2,7,safe_stop,82,7,76.05,checkpoint,outer_aggregate,inner_oof,,2,71.34064577601129,1916,1272322,39
0.776,381,99,,G_original_plus_trajectory,,,5,4.124,2737.926,2.0,13,histgb,13,500,all,safe_histgb_start2_checkpoint_lambda5,7,safe_stop,76,7,74.22500000000001,checkpoint,outer_aggregate,inner_oof,,2,69.16378437491906,2062,1368963,47
0.782,387,102,,G_original_plus_trajectory,,,10,5.488,3713.73,2.0,7,histgb,7,500,all,safe_histgb_start2_checkpoint_lambda10,4,safe_stop,52,4,65.7,checkpoint,outer_aggregate,inner_oof,,2,58.17367633262116,2744,1856865,89
0.784,390,104,,G_original_plus_trajectory,,,20,6.796,4492.684,4.0,4,histgb,4,500,all,safe_histgb_start2_checkpoint_lambda20,2,safe_stop,38,2,57.525000000000006,checkpoint,outer_aggregate,inner_oof,,2,49.40061471370987,3398,2246342,111
0.776,378,96,,G_original_plus_trajectory,,,2,4.864,2919.658,4.0,16,histgb,16,500,all,safe_histgb_start4_every_sample_lambda2,10,safe_stop,108,10,69.6,every_sample,outer_aggregate,inner_oof,,4,67.11700621583907,2432,1459829,4
0.78,383,99,,G_original_plus_trajectory,,,5,5.27,3215.19,4.0,11,histgb,11,500,all,safe_histgb_start4_every_sample_lambda5,7,safe_stop,104,7,67.0625,every_sample,outer_aggregate,inner_oof,,4,63.78854208784166,2635,1607595,7
0.78,386,102,,G_original_plus_trajectory,,,10,6.234,3944.336,4.0,8,histgb,8,500,all,safe_histgb_start4_every_sample_lambda10,4,safe_stop,77,4,61.0375,every_sample,outer_aggregate,inner_oof,,4,55.57644896400805,3117,1972168,37
0.784,390,104,,G_original_plus_trajectory,,,20,6.662,4227.948,4.0,4,histgb,4,500,all,safe_histgb_start4_every_sample_lambda20,2,safe_stop,70,2,58.362500000000004,every_sample,outer_aggregate,inner_oof,,4,52.382235246814645,3331,2113974,47
0.78,384,100,,G_original_plus_trajectory,,,2,5.464,3357.89,4.0,10,histgb,10,500,all,safe_histgb_start4_checkpoint_lambda2,6,safe_stop,77,6,65.85,checkpoint,outer_aggregate,inner_oof,,4,62.18136644843466,2732,1678945,43
0.782,386,101,,G_original_plus_trajectory,,,5,5.616,3465.68,4.0,8,histgb,8,500,all,safe_histgb_start4_checkpoint_lambda5,5,safe_stop,73,5,64.9,checkpoint,outer_aggregate,inner_oof,,4,60.96736881583704,2808,1732840,46
0.782,389,104,,G_original_plus_trajectory,,,10,6.736,4308.952,4.0,5,histgb,5,500,all,safe_histgb_start4_checkpoint_lambda10,2,safe_stop,51,2,57.9,checkpoint,outer_aggregate,inner_oof,,4,51.46991810950193,3368,2154476,90
0.786,392,105,,G_original_plus_trajectory,,,20,7.272,4677.392,4.0,2,histgb,2,500,all,safe_histgb_start4_checkpoint_lambda20,1,safe_stop,36,1,54.55,checkpoint,outer_aggregate,inner_oof,,4,47.320319002402314,3636,2338696,112
